document_id,page,total_pages,status,reason,raw_chars,clean_chars,chunks_generated
ai_device_software_guidance_FDA_2025,1,67,INDEXED,,2319,1773,2
ai_device_software_guidance_FDA_2025,2,67,INDEXED,,1418,1207,1
ai_device_software_guidance_FDA_2025,3,67,NONINFORMATIVE_REMOVED,toc_start,3446,3187,0
ai_device_software_guidance_FDA_2025,4,67,INDEXED,,2942,2530,3
ai_device_software_guidance_FDA_2025,5,67,INDEXED,,3971,3585,4
ai_device_software_guidance_FDA_2025,6,67,INDEXED,,3898,3470,4
ai_device_software_guidance_FDA_2025,7,67,INDEXED,,4197,3777,4
ai_device_software_guidance_FDA_2025,8,67,INDEXED,,3812,3426,4
ai_device_software_guidance_FDA_2025,9,67,INDEXED,,4775,4346,5
ai_device_software_guidance_FDA_2025,10,67,INDEXED,,4126,3671,4
ai_device_software_guidance_FDA_2025,11,67,INDEXED,,3689,3246,4
ai_device_software_guidance_FDA_2025,12,67,INDEXED,,3832,3191,4
ai_device_software_guidance_FDA_2025,13,67,INDEXED,,3977,3579,4
ai_device_software_guidance_FDA_2025,14,67,INDEXED,,3776,3381,4
ai_device_software_guidance_FDA_2025,15,67,INDEXED,,3701,3248,4
ai_device_software_guidance_FDA_2025,16,67,INDEXED,,3063,2471,3
ai_device_software_guidance_FDA_2025,17,67,INDEXED,,3422,2735,3
ai_device_software_guidance_FDA_2025,18,67,INDEXED,,3017,2455,3
ai_device_software_guidance_FDA_2025,19,67,INDEXED,,4026,3374,4
ai_device_software_guidance_FDA_2025,20,67,INDEXED,,3758,3324,4
ai_device_software_guidance_FDA_2025,21,67,INDEXED,,3824,3360,4
ai_device_software_guidance_FDA_2025,22,67,INDEXED,,4253,3834,4
ai_device_software_guidance_FDA_2025,23,67,INDEXED,,4151,3413,4
ai_device_software_guidance_FDA_2025,24,67,INDEXED,,3966,3385,4
ai_device_software_guidance_FDA_2025,25,67,INDEXED,,3770,3055,3
ai_device_software_guidance_FDA_2025,26,67,INDEXED,,4401,3442,4
ai_device_software_guidance_FDA_2025,27,67,INDEXED,,4158,3510,4
ai_device_software_guidance_FDA_2025,28,67,INDEXED,,3442,2828,3
ai_device_software_guidance_FDA_2025,29,67,INDEXED,,3951,3508,4
ai_device_software_guidance_FDA_2025,30,67,INDEXED,,4094,3716,4
ai_device_software_guidance_FDA_2025,31,67,INDEXED,,4111,3741,4
ai_device_software_guidance_FDA_2025,32,67,INDEXED,,4035,3604,4
ai_device_software_guidance_FDA_2025,33,67,INDEXED,,3932,3088,4
ai_device_software_guidance_FDA_2025,34,67,INDEXED,,4051,3170,3
ai_device_software_guidance_FDA_2025,35,67,INDEXED,,3817,3330,4
ai_device_software_guidance_FDA_2025,36,67,INDEXED,,4040,3669,4
ai_device_software_guidance_FDA_2025,37,67,INDEXED,,3659,3119,4
ai_device_software_guidance_FDA_2025,38,67,INDEXED,,3988,3422,4
ai_device_software_guidance_FDA_2025,39,67,INDEXED,,3531,2808,3
ai_device_software_guidance_FDA_2025,40,67,INDEXED,,4539,4072,4
ai_device_software_guidance_FDA_2025,41,67,INDEXED,,4130,3624,4
ai_device_software_guidance_FDA_2025,42,67,INDEXED,,1038,698,1
ai_device_software_guidance_FDA_2025,43,67,INDEXED,,2819,1654,2
ai_device_software_guidance_FDA_2025,44,67,INDEXED,,4148,3790,4
ai_device_software_guidance_FDA_2025,45,67,INDEXED,,3408,2937,3
ai_device_software_guidance_FDA_2025,46,67,INDEXED,,2398,1959,2
ai_device_software_guidance_FDA_2025,47,67,INDEXED,,4062,3698,4
ai_device_software_guidance_FDA_2025,48,67,INDEXED,,4159,3786,4
ai_device_software_guidance_FDA_2025,49,67,INDEXED,,4017,3566,4
ai_device_software_guidance_FDA_2025,50,67,INDEXED,,1418,1116,1
ai_device_software_guidance_FDA_2025,51,67,INDEXED,,4251,3856,4
ai_device_software_guidance_FDA_2025,52,67,INDEXED,,3046,2694,3
ai_device_software_guidance_FDA_2025,53,67,INDEXED,,2861,2432,3
ai_device_software_guidance_FDA_2025,54,67,INDEXED,,3802,3113,3
ai_device_software_guidance_FDA_2025,55,67,INDEXED,,1734,1213,2
ai_device_software_guidance_FDA_2025,56,67,INDEXED,,3321,2778,3
ai_device_software_guidance_FDA_2025,57,67,INDEXED,,2181,1328,2
ai_device_software_guidance_FDA_2025,58,67,INDEXED,,2479,1070,1
ai_device_software_guidance_FDA_2025,59,67,INDEXED,,3164,1511,2
ai_device_software_guidance_FDA_2025,60,67,INDEXED,,3220,2720,3
ai_device_software_guidance_FDA_2025,61,67,INDEXED,,2784,987,1
ai_device_software_guidance_FDA_2025,62,67,INDEXED,,2902,2052,2
ai_device_software_guidance_FDA_2025,63,67,INDEXED,,3377,1129,1
ai_device_software_guidance_FDA_2025,64,67,INDEXED,,3348,1591,2
ai_device_software_guidance_FDA_2025,65,67,INDEXED,,3167,2357,3
ai_device_software_guidance_FDA_2025,66,67,INDEXED,,4202,3296,4
ai_device_software_guidance_FDA_2025,67,67,INDEXED,,2576,1940,2
ai_framework_convention_council_europe_2024,1,12,INDEXED,,2530,2252,2
ai_framework_convention_council_europe_2024,2,12,INDEXED,,3753,3238,4
ai_framework_convention_council_europe_2024,3,12,INDEXED,,3547,2981,3
ai_framework_convention_council_europe_2024,4,12,INDEXED,,3407,2919,3
ai_framework_convention_council_europe_2024,5,12,INDEXED,,3249,2698,3
ai_framework_convention_council_europe_2024,6,12,INDEXED,,2962,2437,3
ai_framework_convention_council_europe_2024,7,12,INDEXED,,3136,2589,3
ai_framework_convention_council_europe_2024,8,12,INDEXED,,3490,2996,3
ai_framework_convention_council_europe_2024,9,12,INDEXED,,3329,2836,3
ai_framework_convention_council_europe_2024,10,12,INDEXED,,3622,3123,3
ai_framework_convention_council_europe_2024,11,12,INDEXED,,3401,2864,3
ai_framework_convention_council_europe_2024,12,12,INDEXED,,1012,722,1
ai_ml_discussion_paper_FDA_2021,1,20,NONINFORMATIVE_REMOVED,boilerplate_or_url_only,96,17,0
ai_ml_discussion_paper_FDA_2021,2,20,INDEXED,,4269,3660,4
ai_ml_discussion_paper_FDA_2021,3,20,INDEXED,,3479,3357,4
ai_ml_discussion_paper_FDA_2021,4,20,INDEXED,,4321,3809,4
ai_ml_discussion_paper_FDA_2021,5,20,INDEXED,,3858,3241,4
ai_ml_discussion_paper_FDA_2021,6,20,INDEXED,,3818,3602,4
ai_ml_discussion_paper_FDA_2021,7,20,INDEXED,,3404,2973,3
ai_ml_discussion_paper_FDA_2021,8,20,INDEXED,,1465,1158,1
ai_ml_discussion_paper_FDA_2021,9,20,INDEXED,,2943,2772,3
ai_ml_discussion_paper_FDA_2021,10,20,INDEXED,,3214,3031,3
ai_ml_discussion_paper_FDA_2021,11,20,INDEXED,,1948,1778,2
ai_ml_discussion_paper_FDA_2021,12,20,INDEXED,,3399,3176,4
ai_ml_discussion_paper_FDA_2021,13,20,INDEXED,,1535,1440,2
ai_ml_discussion_paper_FDA_2021,14,20,INDEXED,,3478,3324,4
ai_ml_discussion_paper_FDA_2021,15,20,INDEXED,,3219,3039,4
ai_ml_discussion_paper_FDA_2021,16,20,INDEXED,,3256,3130,3
ai_ml_discussion_paper_FDA_2021,17,20,INDEXED,,3351,3218,4
ai_ml_discussion_paper_FDA_2021,18,20,INDEXED,,3430,3307,4
ai_ml_discussion_paper_FDA_2021,19,20,INDEXED,,3448,3328,4
ai_ml_discussion_paper_FDA_2021,20,20,INDEXED,,1851,1731,2
ai_risk_management_framework_NIST_2023,1,48,NONINFORMATIVE_REMOVED,cover_or_heading_only,132,76,0
ai_risk_management_framework_NIST_2023,2,48,INDEXED,,769,376,1
ai_risk_management_framework_NIST_2023,3,48,INDEXED,,1544,1528,2
ai_risk_management_framework_NIST_2023,4,48,NONINFORMATIVE_REMOVED,toc_start,2779,1233,0
ai_risk_management_framework_NIST_2023,5,48,NONINFORMATIVE_REMOVED,list,2109,1602,0
ai_risk_management_framework_NIST_2023,6,48,INDEXED,,3265,3051,3
ai_risk_management_framework_NIST_2023,7,48,INDEXED,,3279,3057,3
ai_risk_management_framework_NIST_2023,8,48,INDEXED,,2014,1829,2
ai_risk_management_framework_NIST_2023,9,48,INDEXED,,2901,2707,3
ai_risk_management_framework_NIST_2023,10,48,INDEXED,,2036,1851,2
ai_risk_management_framework_NIST_2023,11,48,INDEXED,,2918,2728,3
ai_risk_management_framework_NIST_2023,12,48,INDEXED,,3139,2924,3
ai_risk_management_framework_NIST_2023,13,48,INDEXED,,3277,3093,3
ai_risk_management_framework_NIST_2023,14,48,INDEXED,,3203,3012,4
ai_risk_management_framework_NIST_2023,15,48,INDEXED,,1756,1548,2
ai_risk_management_framework_NIST_2023,16,48,INDEXED,,7442,376,1
ai_risk_management_framework_NIST_2023,17,48,INDEXED,,2793,2599,3
ai_risk_management_framework_NIST_2023,18,48,INDEXED,,3165,2943,4
ai_risk_management_framework_NIST_2023,19,48,INDEXED,,2946,2740,3
ai_risk_management_framework_NIST_2023,20,48,INDEXED,,3275,3080,3
ai_risk_management_framework_NIST_2023,21,48,INDEXED,,3073,2885,3
ai_risk_management_framework_NIST_2023,22,48,INDEXED,,2976,2786,3
ai_risk_management_framework_NIST_2023,23,48,INDEXED,,1818,1635,2
ai_risk_management_framework_NIST_2023,24,48,INDEXED,,2124,1843,2
ai_risk_management_framework_NIST_2023,25,48,INDEXED,,1430,1247,2
ai_risk_management_framework_NIST_2023,26,48,INDEXED,,2943,2651,3
ai_risk_management_framework_NIST_2023,27,48,INDEXED,,2827,2395,3
ai_risk_management_framework_NIST_2023,28,48,INDEXED,,3029,2258,2
ai_risk_management_framework_NIST_2023,29,48,INDEXED,,2914,2431,3
ai_risk_management_framework_NIST_2023,30,48,INDEXED,,2961,2718,3
ai_risk_management_framework_NIST_2023,31,48,INDEXED,,2932,2047,2
ai_risk_management_framework_NIST_2023,32,48,INDEXED,,3071,2285,2
ai_risk_management_framework_NIST_2023,33,48,INDEXED,,2991,2694,3
ai_risk_management_framework_NIST_2023,34,48,INDEXED,,2871,2060,2
ai_risk_management_framework_NIST_2023,35,48,INDEXED,,2930,2019,2
ai_risk_management_framework_NIST_2023,36,48,INDEXED,,2872,2346,3
ai_risk_management_framework_NIST_2023,37,48,INDEXED,,2931,2222,3
ai_risk_management_framework_NIST_2023,38,48,INDEXED,,2993,2621,3
ai_risk_management_framework_NIST_2023,39,48,INDEXED,,609,434,1
ai_risk_management_framework_NIST_2023,40,48,INDEXED,,3266,3080,4
ai_risk_management_framework_NIST_2023,41,48,INDEXED,,3233,2983,3
ai_risk_management_framework_NIST_2023,42,48,INDEXED,,2207,2021,2
ai_risk_management_framework_NIST_2023,43,48,INDEXED,,2994,2657,3
ai_risk_management_framework_NIST_2023,44,48,INDEXED,,2856,2590,3
ai_risk_management_framework_NIST_2023,45,48,INDEXED,,2971,2660,4
ai_risk_management_framework_NIST_2023,46,48,INDEXED,,2321,2122,2
ai_risk_management_framework_NIST_2023,47,48,INDEXED,,2746,2410,3
ai_risk_management_framework_NIST_2023,48,48,NONINFORMATIVE_REMOVED,boilerplate_or_url_only,98,88,0
aiml_samd_action_plan_FDA_2021,1,8,INDEXED,,354,180,1
aiml_samd_action_plan_FDA_2021,2,8,INDEXED,,3399,3271,4
aiml_samd_action_plan_FDA_2021,3,8,INDEXED,,3487,3356,4
aiml_samd_action_plan_FDA_2021,4,8,INDEXED,,3235,3105,4
aiml_samd_action_plan_FDA_2021,5,8,INDEXED,,3686,3556,4
aiml_samd_action_plan_FDA_2021,6,8,INDEXED,,3701,3573,4
aiml_samd_action_plan_FDA_2021,7,8,INDEXED,,3263,3131,3
aiml_samd_action_plan_FDA_2021,8,8,INDEXED,,2791,2609,3
codigo_etica_medica_CFM_2019,1,110,NONINFORMATIVE_REMOVED,boilerplate_or_url_only,57,57,0
codigo_etica_medica_CFM_2019,2,110,RAW_EMPTY,raw_text_empty,0,0,0
codigo_etica_medica_CFM_2019,3,110,INDEXED,,244,180,1
codigo_etica_medica_CFM_2019,4,110,INDEXED,,1099,1024,2
codigo_etica_medica_CFM_2019,5,110,RAW_EMPTY,raw_text_empty,0,0,0
codigo_etica_medica_CFM_2019,6,110,RAW_EMPTY,raw_text_empty,0,0,0
codigo_etica_medica_CFM_2019,7,110,NONINFORMATIVE_REMOVED,toc_start,1514,1461,0
codigo_etica_medica_CFM_2019,8,110,NONINFORMATIVE_REMOVED,toc_continuation,1443,1416,0
codigo_etica_medica_CFM_2019,9,110,INDEXED,,1801,1655,2
codigo_etica_medica_CFM_2019,10,110,INDEXED,,2005,1791,2
codigo_etica_medica_CFM_2019,11,110,INDEXED,,585,411,1
codigo_etica_medica_CFM_2019,12,110,RAW_EMPTY,raw_text_empty,0,0,0
codigo_etica_medica_CFM_2019,13,110,INDEXED,,1668,1480,2
codigo_etica_medica_CFM_2019,14,110,INDEXED,,1272,1035,1
codigo_etica_medica_CFM_2019,15,110,INDEXED,,1812,1659,2
codigo_etica_medica_CFM_2019,16,110,RAW_EMPTY,raw_text_empty,0,0,0
codigo_etica_medica_CFM_2019,17,110,INDEXED,,1655,1500,2
codigo_etica_medica_CFM_2019,18,110,INDEXED,,2109,1868,2
codigo_etica_medica_CFM_2019,19,110,INDEXED,,1856,1715,2
codigo_etica_medica_CFM_2019,20,110,RAW_EMPTY,raw_text_empty,0,0,0
codigo_etica_medica_CFM_2019,21,110,INDEXED,,1658,1516,2
codigo_etica_medica_CFM_2019,22,110,INDEXED,,1091,961,1
codigo_etica_medica_CFM_2019,23,110,INDEXED,,1680,1429,2
codigo_etica_medica_CFM_2019,24,110,INDEXED,,1981,1703,2
codigo_etica_medica_CFM_2019,25,110,INDEXED,,1549,1410,2
codigo_etica_medica_CFM_2019,26,110,RAW_EMPTY,raw_text_empty,0,0,0
codigo_etica_medica_CFM_2019,27,110,INDEXED,,1596,1439,2
codigo_etica_medica_CFM_2019,28,110,INDEXED,,576,497,1
codigo_etica_medica_CFM_2019,29,110,INDEXED,,1702,1555,2
codigo_etica_medica_CFM_2019,30,110,INDEXED,,2009,1777,2
codigo_etica_medica_CFM_2019,31,110,INDEXED,,912,770,1
codigo_etica_medica_CFM_2019,32,110,RAW_EMPTY,raw_text_empty,0,0,0
codigo_etica_medica_CFM_2019,33,110,INDEXED,,1683,1535,2
codigo_etica_medica_CFM_2019,34,110,INDEXED,,574,492,1
codigo_etica_medica_CFM_2019,35,110,INDEXED,,1573,1416,2
codigo_etica_medica_CFM_2019,36,110,INDEXED,,1562,1381,2
codigo_etica_medica_CFM_2019,37,110,INDEXED,,1727,1584,2
codigo_etica_medica_CFM_2019,38,110,INDEXED,,306,263,1
codigo_etica_medica_CFM_2019,39,110,INDEXED,,1546,1393,2
codigo_etica_medica_CFM_2019,40,110,INDEXED,,1459,1276,2
codigo_etica_medica_CFM_2019,41,110,INDEXED,,1694,1542,2
codigo_etica_medica_CFM_2019,42,110,RAW_EMPTY,raw_text_empty,0,0,0
codigo_etica_medica_CFM_2019,43,110,INDEXED,,1662,1512,2
codigo_etica_medica_CFM_2019,44,110,INDEXED,,2020,1799,2
codigo_etica_medica_CFM_2019,45,110,INDEXED,,1540,1390,2
codigo_etica_medica_CFM_2019,46,110,RAW_EMPTY,raw_text_empty,0,0,0
codigo_etica_medica_CFM_2019,47,110,INDEXED,,981,839,1
codigo_etica_medica_CFM_2019,48,110,RAW_EMPTY,raw_text_empty,0,0,0
codigo_etica_medica_CFM_2019,49,110,INDEXED,,1563,1433,2
codigo_etica_medica_CFM_2019,50,110,INDEXED,,1861,1685,2
codigo_etica_medica_CFM_2019,51,110,INDEXED,,890,691,1
codigo_etica_medica_CFM_2019,52,110,RAW_EMPTY,raw_text_empty,0,0,0
codigo_etica_medica_CFM_2019,53,110,NONINFORMATIVE_REMOVED,boilerplate_or_url_only,97,32,0
codigo_etica_medica_CFM_2019,54,110,RAW_EMPTY,raw_text_empty,0,0,0
codigo_etica_medica_CFM_2019,55,110,NONINFORMATIVE_REMOVED,subject_index_start,1321,684,0
codigo_etica_medica_CFM_2019,56,110,NONINFORMATIVE_REMOVED,subject_index_continuation,1553,878,0
codigo_etica_medica_CFM_2019,57,110,NONINFORMATIVE_REMOVED,subject_index_continuation,1561,780,0
codigo_etica_medica_CFM_2019,58,110,NONINFORMATIVE_REMOVED,subject_index_continuation,1659,702,0
codigo_etica_medica_CFM_2019,59,110,NONINFORMATIVE_REMOVED,subject_index_continuation,1432,730,0
codigo_etica_medica_CFM_2019,60,110,NONINFORMATIVE_REMOVED,subject_index_continuation,1582,809,0
codigo_etica_medica_CFM_2019,61,110,NONINFORMATIVE_REMOVED,subject_index_continuation,1369,710,0
codigo_etica_medica_CFM_2019,62,110,NONINFORMATIVE_REMOVED,subject_index_continuation,1573,798,0
codigo_etica_medica_CFM_2019,63,110,NONINFORMATIVE_REMOVED,subject_index_continuation,1397,729,0
codigo_etica_medica_CFM_2019,64,110,NONINFORMATIVE_REMOVED,subject_index_continuation,1751,741,0
codigo_etica_medica_CFM_2019,65,110,NONINFORMATIVE_REMOVED,subject_index_continuation,1295,653,0
codigo_etica_medica_CFM_2019,66,110,NONINFORMATIVE_REMOVED,subject_index_continuation,1573,721,0
codigo_etica_medica_CFM_2019,67,110,NONINFORMATIVE_REMOVED,subject_index_continuation,1397,785,0
codigo_etica_medica_CFM_2019,68,110,NONINFORMATIVE_REMOVED,subject_index_continuation,1321,829,0
codigo_etica_medica_CFM_2019,69,110,NONINFORMATIVE_REMOVED,subject_index_continuation,1336,581,0
codigo_etica_medica_CFM_2019,70,110,NONINFORMATIVE_REMOVED,subject_index_continuation,1504,817,0
codigo_etica_medica_CFM_2019,71,110,NONINFORMATIVE_REMOVED,subject_index_continuation,1418,727,0
codigo_etica_medica_CFM_2019,72,110,NONINFORMATIVE_REMOVED,subject_index_continuation,1583,828,0
codigo_etica_medica_CFM_2019,73,110,NONINFORMATIVE_REMOVED,subject_index_continuation,1381,719,0
codigo_etica_medica_CFM_2019,74,110,NONINFORMATIVE_REMOVED,subject_index_continuation,1545,759,0
codigo_etica_medica_CFM_2019,75,110,NONINFORMATIVE_REMOVED,subject_index_continuation,1647,742,0
codigo_etica_medica_CFM_2019,76,110,NONINFORMATIVE_REMOVED,subject_index_continuation,1509,780,0
codigo_etica_medica_CFM_2019,77,110,NONINFORMATIVE_REMOVED,subject_index_continuation,1455,718,0
codigo_etica_medica_CFM_2019,78,110,NONINFORMATIVE_REMOVED,subject_index_continuation,1804,768,0
codigo_etica_medica_CFM_2019,79,110,NONINFORMATIVE_REMOVED,subject_index_continuation,1516,727,0
codigo_etica_medica_CFM_2019,80,110,NONINFORMATIVE_REMOVED,subject_index_continuation,1496,778,0
codigo_etica_medica_CFM_2019,81,110,NONINFORMATIVE_REMOVED,subject_index_continuation,1502,703,0
codigo_etica_medica_CFM_2019,82,110,NONINFORMATIVE_REMOVED,subject_index_continuation,470,281,0
codigo_etica_medica_CFM_2019,83,110,INDEXED,,705,553,1
codigo_etica_medica_CFM_2019,84,110,INDEXED,,1416,1228,1
codigo_etica_medica_CFM_2019,85,110,INDEXED,,1436,1315,2
codigo_etica_medica_CFM_2019,86,110,RAW_EMPTY,raw_text_empty,0,0,0
codigo_etica_medica_CFM_2019,87,110,INDEXED,,1607,1480,2
codigo_etica_medica_CFM_2019,88,110,INDEXED,,1731,1579,2
codigo_etica_medica_CFM_2019,89,110,INDEXED,,1772,1654,2
codigo_etica_medica_CFM_2019,90,110,INDEXED,,1776,1630,2
codigo_etica_medica_CFM_2019,91,110,INDEXED,,1842,1720,2
codigo_etica_medica_CFM_2019,92,110,INDEXED,,660,602,1
codigo_etica_medica_CFM_2019,93,110,INDEXED,,863,690,1
codigo_etica_medica_CFM_2019,94,110,INDEXED,,984,759,1
codigo_etica_medica_CFM_2019,95,110,INDEXED,,837,671,1
codigo_etica_medica_CFM_2019,96,110,INDEXED,,969,763,1
codigo_etica_medica_CFM_2019,97,110,INDEXED,,939,769,1
codigo_etica_medica_CFM_2019,98,110,INDEXED,,978,760,1
codigo_etica_medica_CFM_2019,99,110,INDEXED,,814,670,1
codigo_etica_medica_CFM_2019,100,110,INDEXED,,875,674,1
codigo_etica_medica_CFM_2019,101,110,INDEXED,,834,683,1
codigo_etica_medica_CFM_2019,102,110,INDEXED,,307,245,1
codigo_etica_medica_CFM_2019,103,110,INDEXED,,1130,568,1
codigo_etica_medica_CFM_2019,104,110,RAW_EMPTY,raw_text_empty,0,0,0
codigo_etica_medica_CFM_2019,105,110,INDEXED,,989,837,1
codigo_etica_medica_CFM_2019,106,110,INDEXED,,1076,872,1
codigo_etica_medica_CFM_2019,107,110,INDEXED,,333,221,1
codigo_etica_medica_CFM_2019,108,110,RAW_EMPTY,raw_text_empty,0,0,0
codigo_etica_medica_CFM_2019,109,110,RAW_EMPTY,raw_text_empty,0,0,0
codigo_etica_medica_CFM_2019,110,110,INDEXED,,93,93,1
de_identifying_government_datasets_NIST_2023,1,122,INDEXED,,666,251,1
de_identifying_government_datasets_NIST_2023,2,122,INDEXED,,1668,623,1
de_identifying_government_datasets_NIST_2023,3,122,NONINFORMATIVE_REMOVED,copyright_or_disclaimer,3376,3367,0
de_identifying_government_datasets_NIST_2023,4,122,INDEXED,,301,299,1
de_identifying_government_datasets_NIST_2023,5,122,INDEXED,,2284,2196,2
de_identifying_government_datasets_NIST_2023,6,122,NONINFORMATIVE_REMOVED,cover_or_heading_only,292,217,0
de_identifying_government_datasets_NIST_2023,7,122,INDEXED,,1009,930,1
de_identifying_government_datasets_NIST_2023,8,122,INDEXED,,844,784,1
de_identifying_government_datasets_NIST_2023,9,122,INDEXED,,3731,2638,3
de_identifying_government_datasets_NIST_2023,10,122,INDEXED,,3671,2655,3
de_identifying_government_datasets_NIST_2023,11,122,INDEXED,,3391,2578,3
de_identifying_government_datasets_NIST_2023,12,122,NONINFORMATIVE_REMOVED,editorial_footer_or_figure_caption,472,342,0
de_identifying_government_datasets_NIST_2023,13,122,NONINFORMATIVE_REMOVED,acknowledgements,2027,1964,0
de_identifying_government_datasets_NIST_2023,14,122,INDEXED,,454,410,1
de_identifying_government_datasets_NIST_2023,15,122,INDEXED,,3183,3128,3
de_identifying_government_datasets_NIST_2023,16,122,INDEXED,,3237,3141,3
de_identifying_government_datasets_NIST_2023,17,122,INDEXED,,2791,2731,3
de_identifying_government_datasets_NIST_2023,18,122,INDEXED,,3266,2998,3
de_identifying_government_datasets_NIST_2023,19,122,INDEXED,,3584,3417,4
de_identifying_government_datasets_NIST_2023,20,122,INDEXED,,3195,3066,3
de_identifying_government_datasets_NIST_2023,21,122,INDEXED,,2859,2702,3
de_identifying_government_datasets_NIST_2023,22,122,INDEXED,,1630,1450,2
de_identifying_government_datasets_NIST_2023,23,122,INDEXED,,2981,2914,3
de_identifying_government_datasets_NIST_2023,24,122,INDEXED,,3519,3272,4
de_identifying_government_datasets_NIST_2023,25,122,INDEXED,,3291,3199,4
de_identifying_government_datasets_NIST_2023,26,122,INDEXED,,3054,2956,3
de_identifying_government_datasets_NIST_2023,27,122,INDEXED,,3273,3171,4
de_identifying_government_datasets_NIST_2023,28,122,INDEXED,,3207,3033,4
de_identifying_government_datasets_NIST_2023,29,122,INDEXED,,3382,3285,4
de_identifying_government_datasets_NIST_2023,30,122,INDEXED,,3519,3426,4
de_identifying_government_datasets_NIST_2023,31,122,INDEXED,,3112,3011,3
de_identifying_government_datasets_NIST_2023,32,122,INDEXED,,2716,2623,3
de_identifying_government_datasets_NIST_2023,33,122,INDEXED,,3243,2992,4
de_identifying_government_datasets_NIST_2023,34,122,INDEXED,,3202,3071,4
de_identifying_government_datasets_NIST_2023,35,122,INDEXED,,3319,3215,4
de_identifying_government_datasets_NIST_2023,36,122,INDEXED,,3258,3115,4
de_identifying_government_datasets_NIST_2023,37,122,INDEXED,,3491,3333,4
de_identifying_government_datasets_NIST_2023,38,122,INDEXED,,3379,3239,4
de_identifying_government_datasets_NIST_2023,39,122,INDEXED,,2729,2492,3
de_identifying_government_datasets_NIST_2023,40,122,INDEXED,,2910,2768,3
de_identifying_government_datasets_NIST_2023,41,122,INDEXED,,2743,2552,3
de_identifying_government_datasets_NIST_2023,42,122,INDEXED,,2657,2492,3
de_identifying_government_datasets_NIST_2023,43,122,INDEXED,,3112,2904,3
de_identifying_government_datasets_NIST_2023,44,122,INDEXED,,414,207,1
de_identifying_government_datasets_NIST_2023,45,122,INDEXED,,1814,1651,2
de_identifying_government_datasets_NIST_2023,46,122,INDEXED,,2734,2562,3
de_identifying_government_datasets_NIST_2023,47,122,INDEXED,,3479,3227,4
de_identifying_government_datasets_NIST_2023,48,122,INDEXED,,2831,2706,3
de_identifying_government_datasets_NIST_2023,49,122,INDEXED,,3355,3250,3
de_identifying_government_datasets_NIST_2023,50,122,INDEXED,,3318,3174,4
de_identifying_government_datasets_NIST_2023,51,122,INDEXED,,3079,2918,3
de_identifying_government_datasets_NIST_2023,52,122,INDEXED,,3426,3338,3
de_identifying_government_datasets_NIST_2023,53,122,INDEXED,,2598,2406,3
de_identifying_government_datasets_NIST_2023,54,122,INDEXED,,2681,2504,3
de_identifying_government_datasets_NIST_2023,55,122,INDEXED,,3435,3346,4
de_identifying_government_datasets_NIST_2023,56,122,INDEXED,,3023,2902,3
de_identifying_government_datasets_NIST_2023,57,122,INDEXED,,2767,2638,3
de_identifying_government_datasets_NIST_2023,58,122,INDEXED,,3021,2908,3
de_identifying_government_datasets_NIST_2023,59,122,INDEXED,,624,543,1
de_identifying_government_datasets_NIST_2023,60,122,INDEXED,,2117,1976,2
de_identifying_government_datasets_NIST_2023,61,122,INDEXED,,2641,2371,3
de_identifying_government_datasets_NIST_2023,62,122,INDEXED,,3473,3176,3
de_identifying_government_datasets_NIST_2023,63,122,INDEXED,,2726,2499,3
de_identifying_government_datasets_NIST_2023,64,122,INDEXED,,2669,2403,2
de_identifying_government_datasets_NIST_2023,65,122,INDEXED,,3099,2878,3
de_identifying_government_datasets_NIST_2023,66,122,INDEXED,,2943,2842,3
de_identifying_government_datasets_NIST_2023,67,122,INDEXED,,2831,2581,3
de_identifying_government_datasets_NIST_2023,68,122,INDEXED,,2906,2700,3
de_identifying_government_datasets_NIST_2023,69,122,INDEXED,,2923,2714,3
de_identifying_government_datasets_NIST_2023,70,122,INDEXED,,3197,3098,3
de_identifying_government_datasets_NIST_2023,71,122,INDEXED,,2928,2825,3
de_identifying_government_datasets_NIST_2023,72,122,INDEXED,,2640,2290,3
de_identifying_government_datasets_NIST_2023,73,122,INDEXED,,3386,3297,4
de_identifying_government_datasets_NIST_2023,74,122,INDEXED,,2547,2344,3
de_identifying_government_datasets_NIST_2023,75,122,INDEXED,,3141,2993,3
de_identifying_government_datasets_NIST_2023,76,122,INDEXED,,2573,2181,3
de_identifying_government_datasets_NIST_2023,77,122,INDEXED,,2933,2815,3
de_identifying_government_datasets_NIST_2023,78,122,INDEXED,,2733,2497,3
de_identifying_government_datasets_NIST_2023,79,122,INDEXED,,2800,2616,3
de_identifying_government_datasets_NIST_2023,80,122,INDEXED,,3261,3133,4
de_identifying_government_datasets_NIST_2023,81,122,INDEXED,,3214,3060,3
de_identifying_government_datasets_NIST_2023,82,122,INDEXED,,2566,2443,3
de_identifying_government_datasets_NIST_2023,83,122,INDEXED,,3241,3056,3
de_identifying_government_datasets_NIST_2023,84,122,INDEXED,,3343,3160,4
de_identifying_government_datasets_NIST_2023,85,122,INDEXED,,1418,1329,2
de_identifying_government_datasets_NIST_2023,86,122,INDEXED,,2702,2636,3
de_identifying_government_datasets_NIST_2023,87,122,INDEXED,,2542,2424,3
de_identifying_government_datasets_NIST_2023,88,122,INDEXED,,2589,2427,3
de_identifying_government_datasets_NIST_2023,89,122,INDEXED,,2597,2372,3
de_identifying_government_datasets_NIST_2023,90,122,INDEXED,,2117,2030,2
de_identifying_government_datasets_NIST_2023,91,122,INDEXED,,2719,2259,3
de_identifying_government_datasets_NIST_2023,92,122,REFERENCES_REMOVED,reference_section_starts_removed,2491,0,0
de_identifying_government_datasets_NIST_2023,93,122,REFERENCES_REMOVED,reference_pages_removed,2866,0,0
de_identifying_government_datasets_NIST_2023,94,122,REFERENCES_REMOVED,reference_pages_removed,2874,0,0
de_identifying_government_datasets_NIST_2023,95,122,REFERENCES_REMOVED,reference_pages_removed,2876,0,0
de_identifying_government_datasets_NIST_2023,96,122,REFERENCES_REMOVED,reference_pages_removed,2882,0,0
de_identifying_government_datasets_NIST_2023,97,122,REFERENCES_REMOVED,reference_pages_removed,2783,0,0
de_identifying_government_datasets_NIST_2023,98,122,REFERENCES_REMOVED,reference_pages_removed,2835,0,0
de_identifying_government_datasets_NIST_2023,99,122,REFERENCES_REMOVED,reference_pages_removed,2813,0,0
de_identifying_government_datasets_NIST_2023,100,122,REFERENCES_REMOVED,reference_pages_removed,3061,0,0
de_identifying_government_datasets_NIST_2023,101,122,REFERENCES_REMOVED,reference_pages_removed,2835,0,0
de_identifying_government_datasets_NIST_2023,102,122,REFERENCES_REMOVED,reference_pages_removed,2818,0,0
de_identifying_government_datasets_NIST_2023,103,122,REFERENCES_REMOVED,reference_pages_removed,2746,0,0
de_identifying_government_datasets_NIST_2023,104,122,REFERENCES_REMOVED,reference_pages_removed,2886,0,0
de_identifying_government_datasets_NIST_2023,105,122,REFERENCES_REMOVED,reference_pages_removed,2923,0,0
de_identifying_government_datasets_NIST_2023,106,122,REFERENCES_REMOVED,reference_pages_removed,1198,0,0
de_identifying_government_datasets_NIST_2023,107,122,INDEXED,,2120,1898,2
de_identifying_government_datasets_NIST_2023,108,122,NONINFORMATIVE_REMOVED,bibliographic_continuation,2700,2421,0
de_identifying_government_datasets_NIST_2023,109,122,NONINFORMATIVE_REMOVED,bibliographic_continuation,2829,2534,0
de_identifying_government_datasets_NIST_2023,110,122,NONINFORMATIVE_REMOVED,bibliographic_continuation,2597,2320,0
de_identifying_government_datasets_NIST_2023,111,122,NONINFORMATIVE_REMOVED,bibliographic_continuation,1787,1551,0
de_identifying_government_datasets_NIST_2023,112,122,INDEXED,,1226,1186,2
de_identifying_government_datasets_NIST_2023,113,122,INDEXED,,1401,1323,2
de_identifying_government_datasets_NIST_2023,114,122,INDEXED,,478,400,1
de_identifying_government_datasets_NIST_2023,115,122,INDEXED,,2164,2010,3
de_identifying_government_datasets_NIST_2023,116,122,INDEXED,,2379,2207,2
de_identifying_government_datasets_NIST_2023,117,122,INDEXED,,2866,2663,3
de_identifying_government_datasets_NIST_2023,118,122,INDEXED,,2962,2716,3
de_identifying_government_datasets_NIST_2023,119,122,INDEXED,,2950,2715,3
de_identifying_government_datasets_NIST_2023,120,122,INDEXED,,2866,2624,3
de_identifying_government_datasets_NIST_2023,121,122,INDEXED,,2507,2306,2
de_identifying_government_datasets_NIST_2023,122,122,INDEXED,,2677,2440,3
estrategia_brasileira_ia_MCTI_2021,1,52,NONINFORMATIVE_REMOVED,cover_or_heading_only,160,141,0
estrategia_brasileira_ia_MCTI_2021,2,52,NONINFORMATIVE_REMOVED,toc_start,4070,3932,0
estrategia_brasileira_ia_MCTI_2021,3,52,INDEXED,,3389,3163,4
estrategia_brasileira_ia_MCTI_2021,4,52,INDEXED,,966,792,1
estrategia_brasileira_ia_MCTI_2021,5,52,INDEXED,,2723,2636,3
estrategia_brasileira_ia_MCTI_2021,6,52,INDEXED,,2318,2135,2
estrategia_brasileira_ia_MCTI_2021,7,52,INDEXED,,2505,2248,3
estrategia_brasileira_ia_MCTI_2021,8,52,INDEXED,,1109,904,1
estrategia_brasileira_ia_MCTI_2021,9,52,INDEXED,,3791,3683,4
estrategia_brasileira_ia_MCTI_2021,10,52,INDEXED,,3745,3636,4
estrategia_brasileira_ia_MCTI_2021,11,52,INDEXED,,1665,975,1
estrategia_brasileira_ia_MCTI_2021,12,52,INDEXED,,1508,1418,2
estrategia_brasileira_ia_MCTI_2021,13,52,INDEXED,,2039,1961,2
estrategia_brasileira_ia_MCTI_2021,14,52,NONINFORMATIVE_REMOVED,toc_start,604,482,0
estrategia_brasileira_ia_MCTI_2021,15,52,INDEXED,,1688,1548,2
estrategia_brasileira_ia_MCTI_2021,16,52,INDEXED,,3892,3757,4
estrategia_brasileira_ia_MCTI_2021,17,52,INDEXED,,1610,1512,2
estrategia_brasileira_ia_MCTI_2021,18,52,INDEXED,,3085,2941,3
estrategia_brasileira_ia_MCTI_2021,19,52,INDEXED,,4358,3597,4
estrategia_brasileira_ia_MCTI_2021,20,52,INDEXED,,3653,3396,4
estrategia_brasileira_ia_MCTI_2021,21,52,INDEXED,,3657,3424,4
estrategia_brasileira_ia_MCTI_2021,22,52,INDEXED,,3858,3758,4
estrategia_brasileira_ia_MCTI_2021,23,52,INDEXED,,3581,3479,4
estrategia_brasileira_ia_MCTI_2021,24,52,INDEXED,,2836,2531,3
estrategia_brasileira_ia_MCTI_2021,25,52,INDEXED,,3685,3572,4
estrategia_brasileira_ia_MCTI_2021,26,52,INDEXED,,3709,3590,4
estrategia_brasileira_ia_MCTI_2021,27,52,INDEXED,,2433,2195,3
estrategia_brasileira_ia_MCTI_2021,28,52,INDEXED,,3637,3524,4
estrategia_brasileira_ia_MCTI_2021,29,52,INDEXED,,828,690,1
estrategia_brasileira_ia_MCTI_2021,30,52,INDEXED,,3841,3368,4
estrategia_brasileira_ia_MCTI_2021,31,52,INDEXED,,3668,3553,4
estrategia_brasileira_ia_MCTI_2021,32,52,INDEXED,,1656,1532,2
estrategia_brasileira_ia_MCTI_2021,33,52,INDEXED,,3583,3442,4
estrategia_brasileira_ia_MCTI_2021,34,52,INDEXED,,3896,3791,4
estrategia_brasileira_ia_MCTI_2021,35,52,INDEXED,,3074,2903,3
estrategia_brasileira_ia_MCTI_2021,36,52,INDEXED,,838,762,1
estrategia_brasileira_ia_MCTI_2021,37,52,INDEXED,,3827,3716,4
estrategia_brasileira_ia_MCTI_2021,38,52,INDEXED,,3233,3035,3
estrategia_brasileira_ia_MCTI_2021,39,52,INDEXED,,1111,1010,1
estrategia_brasileira_ia_MCTI_2021,40,52,INDEXED,,3832,3719,4
estrategia_brasileira_ia_MCTI_2021,41,52,INDEXED,,3337,2983,3
estrategia_brasileira_ia_MCTI_2021,42,52,INDEXED,,3080,2927,3
estrategia_brasileira_ia_MCTI_2021,43,52,INDEXED,,750,659,1
estrategia_brasileira_ia_MCTI_2021,44,52,INDEXED,,3164,3014,3
estrategia_brasileira_ia_MCTI_2021,45,52,INDEXED,,3329,2876,3
estrategia_brasileira_ia_MCTI_2021,46,52,INDEXED,,3847,3687,4
estrategia_brasileira_ia_MCTI_2021,47,52,INDEXED,,2060,1836,2
estrategia_brasileira_ia_MCTI_2021,48,52,INDEXED,,3818,3716,4
estrategia_brasileira_ia_MCTI_2021,49,52,INDEXED,,4195,4067,4
estrategia_brasileira_ia_MCTI_2021,50,52,INDEXED,,3749,3425,4
estrategia_brasileira_ia_MCTI_2021,51,52,INDEXED,,2463,2228,3
estrategia_brasileira_ia_MCTI_2021,52,52,INDEXED,,1349,1260,2
ethical_impact_assessment_UNESCO_2023,1,51,NONINFORMATIVE_REMOVED,cover_or_heading_only,95,95,0
ethical_impact_assessment_UNESCO_2023,2,51,INDEXED,,1167,1157,1
ethical_impact_assessment_UNESCO_2023,3,51,NONINFORMATIVE_REMOVED,cover_or_heading_only,95,95,0
ethical_impact_assessment_UNESCO_2023,4,51,NONINFORMATIVE_REMOVED,toc_start,1440,634,0
ethical_impact_assessment_UNESCO_2023,5,51,INDEXED,,5010,4848,5
ethical_impact_assessment_UNESCO_2023,6,51,INDEXED,,3355,3073,3
ethical_impact_assessment_UNESCO_2023,7,51,INDEXED,,4401,4121,4
ethical_impact_assessment_UNESCO_2023,8,51,INDEXED,,4215,3656,4
ethical_impact_assessment_UNESCO_2023,9,51,NONINFORMATIVE_REMOVED,boilerplate_or_url_only,107,17,0
ethical_impact_assessment_UNESCO_2023,10,51,INDEXED,,3502,2787,3
ethical_impact_assessment_UNESCO_2023,11,51,INDEXED,,3695,2864,3
ethical_impact_assessment_UNESCO_2023,12,51,INDEXED,,3935,3282,4
ethical_impact_assessment_UNESCO_2023,13,51,INDEXED,,3415,2996,3
ethical_impact_assessment_UNESCO_2023,14,51,INDEXED,,947,683,1
ethical_impact_assessment_UNESCO_2023,15,51,INDEXED,,2814,2378,3
ethical_impact_assessment_UNESCO_2023,16,51,INDEXED,,2449,1496,2
ethical_impact_assessment_UNESCO_2023,17,51,NONINFORMATIVE_REMOVED,boilerplate_or_url_only,161,34,0
ethical_impact_assessment_UNESCO_2023,18,51,INDEXED,,4638,3854,4
ethical_impact_assessment_UNESCO_2023,19,51,INDEXED,,6033,1153,1
ethical_impact_assessment_UNESCO_2023,20,51,INDEXED,,7590,1421,2
ethical_impact_assessment_UNESCO_2023,21,51,INDEXED,,4103,3562,4
ethical_impact_assessment_UNESCO_2023,22,51,INDEXED,,1397,995,1
ethical_impact_assessment_UNESCO_2023,23,51,INDEXED,,5423,1172,1
ethical_impact_assessment_UNESCO_2023,24,51,INDEXED,,8461,1570,2
ethical_impact_assessment_UNESCO_2023,25,51,INDEXED,,3449,3159,5
ethical_impact_assessment_UNESCO_2023,26,51,INDEXED,,2345,1701,2
ethical_impact_assessment_UNESCO_2023,27,51,INDEXED,,10136,1568,2
ethical_impact_assessment_UNESCO_2023,28,51,INDEXED,,7359,1411,2
ethical_impact_assessment_UNESCO_2023,29,51,INDEXED,,3841,3544,5
ethical_impact_assessment_UNESCO_2023,30,51,INDEXED,,1956,1336,1
ethical_impact_assessment_UNESCO_2023,31,51,INDEXED,,5598,1143,1
ethical_impact_assessment_UNESCO_2023,32,51,INDEXED,,8582,1504,2
ethical_impact_assessment_UNESCO_2023,33,51,INDEXED,,3750,3260,3
ethical_impact_assessment_UNESCO_2023,34,51,INDEXED,,9202,1356,2
ethical_impact_assessment_UNESCO_2023,35,51,INDEXED,,7072,1428,2
ethical_impact_assessment_UNESCO_2023,36,51,INDEXED,,3401,2809,3
ethical_impact_assessment_UNESCO_2023,37,51,INDEXED,,3631,3065,2
ethical_impact_assessment_UNESCO_2023,38,51,INDEXED,,6980,1224,1
ethical_impact_assessment_UNESCO_2023,39,51,INDEXED,,7917,1545,2
ethical_impact_assessment_UNESCO_2023,40,51,INDEXED,,3121,2520,3
ethical_impact_assessment_UNESCO_2023,41,51,INDEXED,,9677,1481,2
ethical_impact_assessment_UNESCO_2023,42,51,INDEXED,,9703,1731,2
ethical_impact_assessment_UNESCO_2023,43,51,INDEXED,,3882,3648,6
ethical_impact_assessment_UNESCO_2023,44,51,INDEXED,,4376,3280,4
ethical_impact_assessment_UNESCO_2023,45,51,INDEXED,,3566,2735,2
ethical_impact_assessment_UNESCO_2023,46,51,INDEXED,,4687,3284,4
ethical_impact_assessment_UNESCO_2023,47,51,INDEXED,,2318,1601,2
ethical_impact_assessment_UNESCO_2023,48,51,REFERENCES_REMOVED,reference_section_starts_removed,3325,0,0
ethical_impact_assessment_UNESCO_2023,49,51,REFERENCES_REMOVED,reference_pages_removed,3433,0,0
ethical_impact_assessment_UNESCO_2023,50,51,REFERENCES_REMOVED,reference_pages_removed,3341,0,0
ethical_impact_assessment_UNESCO_2023,51,51,REFERENCES_REMOVED,reference_pages_removed,1520,0,0
ethics_governance_ai_health_WHO_2021,1,165,INDEXED,,245,72,1
ethics_governance_ai_health_WHO_2021,2,165,NONINFORMATIVE_REMOVED,copyright_or_disclaimer,3615,3412,0
ethics_governance_ai_health_WHO_2021,3,165,NONINFORMATIVE_REMOVED,toc_start,4918,4208,0
ethics_governance_ai_health_WHO_2021,4,165,NONINFORMATIVE_REMOVED,toc_continuation,3529,2973,0
ethics_governance_ai_health_WHO_2021,5,165,INDEXED,,3438,3075,3
ethics_governance_ai_health_WHO_2021,6,165,INDEXED,,2734,2497,3
ethics_governance_ai_health_WHO_2021,7,165,NONINFORMATIVE_REMOVED,acknowledgements,2393,2128,0
ethics_governance_ai_health_WHO_2021,8,165,INDEXED,,2309,2046,2
ethics_governance_ai_health_WHO_2021,9,165,INDEXED,,2229,1996,2
ethics_governance_ai_health_WHO_2021,10,165,INDEXED,,859,571,1
ethics_governance_ai_health_WHO_2021,11,165,INDEXED,,3176,2940,3
ethics_governance_ai_health_WHO_2021,12,165,INDEXED,,3114,2876,3
ethics_governance_ai_health_WHO_2021,13,165,INDEXED,,3508,3218,4
ethics_governance_ai_health_WHO_2021,14,165,INDEXED,,3168,2912,3
ethics_governance_ai_health_WHO_2021,15,165,INDEXED,,3019,2780,3
ethics_governance_ai_health_WHO_2021,16,165,INDEXED,,1334,1079,1
ethics_governance_ai_health_WHO_2021,17,165,INDEXED,,3030,2836,3
ethics_governance_ai_health_WHO_2021,18,165,INDEXED,,3449,3185,4
ethics_governance_ai_health_WHO_2021,19,165,INDEXED,,3474,3207,4
ethics_governance_ai_health_WHO_2021,20,165,INDEXED,,2823,2598,4
ethics_governance_ai_health_WHO_2021,21,165,INDEXED,,1281,1033,1
ethics_governance_ai_health_WHO_2021,22,165,INDEXED,,2832,2642,3
ethics_governance_ai_health_WHO_2021,23,165,INDEXED,,3188,2957,4
ethics_governance_ai_health_WHO_2021,24,165,INDEXED,,3235,3005,4
ethics_governance_ai_health_WHO_2021,25,165,INDEXED,,3364,3131,4
ethics_governance_ai_health_WHO_2021,26,165,INDEXED,,3191,2960,4
ethics_governance_ai_health_WHO_2021,27,165,INDEXED,,3459,3232,4
ethics_governance_ai_health_WHO_2021,28,165,INDEXED,,3363,3138,4
ethics_governance_ai_health_WHO_2021,29,165,INDEXED,,3286,3055,4
ethics_governance_ai_health_WHO_2021,30,165,INDEXED,,3411,3184,4
ethics_governance_ai_health_WHO_2021,31,165,INDEXED,,3280,3050,4
ethics_governance_ai_health_WHO_2021,32,165,INDEXED,,671,444,1
ethics_governance_ai_health_WHO_2021,33,165,INDEXED,,3095,2907,3
ethics_governance_ai_health_WHO_2021,34,165,INDEXED,,3400,3190,3
ethics_governance_ai_health_WHO_2021,35,165,INDEXED,,3112,2900,4
ethics_governance_ai_health_WHO_2021,36,165,INDEXED,,3958,3514,3
ethics_governance_ai_health_WHO_2021,37,165,INDEXED,,3196,2987,4
ethics_governance_ai_health_WHO_2021,38,165,INDEXED,,1277,1067,1
ethics_governance_ai_health_WHO_2021,39,165,INDEXED,,2836,2586,3
ethics_governance_ai_health_WHO_2021,40,165,INDEXED,,3420,3202,5
ethics_governance_ai_health_WHO_2021,41,165,INDEXED,,3466,3251,3
ethics_governance_ai_health_WHO_2021,42,165,INDEXED,,3154,2938,3
ethics_governance_ai_health_WHO_2021,43,165,INDEXED,,3051,2831,3
ethics_governance_ai_health_WHO_2021,44,165,INDEXED,,3245,3027,4
ethics_governance_ai_health_WHO_2021,45,165,INDEXED,,3259,3039,3
ethics_governance_ai_health_WHO_2021,46,165,INDEXED,,3034,2816,3
ethics_governance_ai_health_WHO_2021,47,165,INDEXED,,3052,2864,3
ethics_governance_ai_health_WHO_2021,48,165,INDEXED,,3552,3335,4
ethics_governance_ai_health_WHO_2021,49,165,INDEXED,,3366,3149,3
ethics_governance_ai_health_WHO_2021,50,165,INDEXED,,4212,3426,4
ethics_governance_ai_health_WHO_2021,51,165,INDEXED,,12049,3357,4
ethics_governance_ai_health_WHO_2021,52,165,INDEXED,,3362,3144,4
ethics_governance_ai_health_WHO_2021,53,165,INDEXED,,3718,3343,3
ethics_governance_ai_health_WHO_2021,54,165,INDEXED,,3537,3127,3
ethics_governance_ai_health_WHO_2021,55,165,INDEXED,,3466,3249,4
ethics_governance_ai_health_WHO_2021,56,165,INDEXED,,3267,3050,4
ethics_governance_ai_health_WHO_2021,57,165,INDEXED,,3304,3041,4
ethics_governance_ai_health_WHO_2021,58,165,INDEXED,,3331,3112,4
ethics_governance_ai_health_WHO_2021,59,165,INDEXED,,3406,3190,4
ethics_governance_ai_health_WHO_2021,60,165,INDEXED,,3403,3182,4
ethics_governance_ai_health_WHO_2021,61,165,INDEXED,,3335,3119,3
ethics_governance_ai_health_WHO_2021,62,165,INDEXED,,3502,3288,4
ethics_governance_ai_health_WHO_2021,63,165,INDEXED,,2499,2280,3
ethics_governance_ai_health_WHO_2021,64,165,INDEXED,,3571,3203,4
ethics_governance_ai_health_WHO_2021,65,165,INDEXED,,3498,3279,4
ethics_governance_ai_health_WHO_2021,66,165,INDEXED,,3152,2885,4
ethics_governance_ai_health_WHO_2021,67,165,INDEXED,,3459,3244,4
ethics_governance_ai_health_WHO_2021,68,165,INDEXED,,1245,1029,1
ethics_governance_ai_health_WHO_2021,69,165,INDEXED,,3347,3109,3
ethics_governance_ai_health_WHO_2021,70,165,INDEXED,,3426,3116,3
ethics_governance_ai_health_WHO_2021,71,165,INDEXED,,3341,2974,3
ethics_governance_ai_health_WHO_2021,72,165,INDEXED,,3236,3019,4
ethics_governance_ai_health_WHO_2021,73,165,INDEXED,,3194,2978,3
ethics_governance_ai_health_WHO_2021,74,165,INDEXED,,3246,3030,4
ethics_governance_ai_health_WHO_2021,75,165,INDEXED,,3371,3150,4
ethics_governance_ai_health_WHO_2021,76,165,INDEXED,,3245,3023,3
ethics_governance_ai_health_WHO_2021,77,165,INDEXED,,3275,3059,4
ethics_governance_ai_health_WHO_2021,78,165,INDEXED,,3514,3299,4
ethics_governance_ai_health_WHO_2021,79,165,INDEXED,,3449,3232,5
ethics_governance_ai_health_WHO_2021,80,165,INDEXED,,3132,2912,4
ethics_governance_ai_health_WHO_2021,81,165,INDEXED,,1817,1625,2
ethics_governance_ai_health_WHO_2021,82,165,INDEXED,,3293,2951,3
ethics_governance_ai_health_WHO_2021,83,165,INDEXED,,3191,2934,4
ethics_governance_ai_health_WHO_2021,84,165,INDEXED,,3095,2851,3
ethics_governance_ai_health_WHO_2021,85,165,INDEXED,,3311,3050,4
ethics_governance_ai_health_WHO_2021,86,165,INDEXED,,2920,2703,3
ethics_governance_ai_health_WHO_2021,87,165,INDEXED,,3525,3134,4
ethics_governance_ai_health_WHO_2021,88,165,INDEXED,,3162,2915,4
ethics_governance_ai_health_WHO_2021,89,165,INDEXED,,3210,2987,4
ethics_governance_ai_health_WHO_2021,90,165,INDEXED,,2756,2517,3
ethics_governance_ai_health_WHO_2021,91,165,INDEXED,,629,412,1
ethics_governance_ai_health_WHO_2021,92,165,INDEXED,,2896,2708,4
ethics_governance_ai_health_WHO_2021,93,165,INDEXED,,3392,3168,4
ethics_governance_ai_health_WHO_2021,94,165,INDEXED,,3303,3077,3
ethics_governance_ai_health_WHO_2021,95,165,INDEXED,,3269,3040,4
ethics_governance_ai_health_WHO_2021,96,165,INDEXED,,2612,2368,3
ethics_governance_ai_health_WHO_2021,97,165,INDEXED,,2670,2477,3
ethics_governance_ai_health_WHO_2021,98,165,INDEXED,,3469,3262,3
ethics_governance_ai_health_WHO_2021,99,165,INDEXED,,3370,3159,4
ethics_governance_ai_health_WHO_2021,100,165,INDEXED,,3425,3218,4
ethics_governance_ai_health_WHO_2021,101,165,INDEXED,,3373,3164,3
ethics_governance_ai_health_WHO_2021,102,165,INDEXED,,3341,3132,4
ethics_governance_ai_health_WHO_2021,103,165,INDEXED,,4473,2526,3
ethics_governance_ai_health_WHO_2021,104,165,INDEXED,,2945,2720,3
ethics_governance_ai_health_WHO_2021,105,165,INDEXED,,3271,3060,4
ethics_governance_ai_health_WHO_2021,106,165,INDEXED,,2781,2548,3
ethics_governance_ai_health_WHO_2021,107,165,INDEXED,,3355,3146,4
ethics_governance_ai_health_WHO_2021,108,165,INDEXED,,3531,3322,4
ethics_governance_ai_health_WHO_2021,109,165,INDEXED,,3341,3134,4
ethics_governance_ai_health_WHO_2021,110,165,INDEXED,,3199,2980,4
ethics_governance_ai_health_WHO_2021,111,165,INDEXED,,3078,2855,4
ethics_governance_ai_health_WHO_2021,112,165,INDEXED,,3465,3253,4
ethics_governance_ai_health_WHO_2021,113,165,INDEXED,,3414,3205,4
ethics_governance_ai_health_WHO_2021,114,165,INDEXED,,3226,3017,4
ethics_governance_ai_health_WHO_2021,115,165,INDEXED,,3419,3211,5
ethics_governance_ai_health_WHO_2021,116,165,INDEXED,,3391,3184,4
ethics_governance_ai_health_WHO_2021,117,165,INDEXED,,2994,2731,3
ethics_governance_ai_health_WHO_2021,118,165,INDEXED,,2972,2738,3
ethics_governance_ai_health_WHO_2021,119,165,INDEXED,,3181,2971,3
ethics_governance_ai_health_WHO_2021,120,165,INDEXED,,3471,3264,4
ethics_governance_ai_health_WHO_2021,121,165,INDEXED,,2936,2674,3
ethics_governance_ai_health_WHO_2021,122,165,INDEXED,,3250,3041,4
ethics_governance_ai_health_WHO_2021,123,165,INDEXED,,3401,3190,5
ethics_governance_ai_health_WHO_2021,124,165,INDEXED,,3159,2948,3
ethics_governance_ai_health_WHO_2021,125,165,INDEXED,,3299,3087,4
ethics_governance_ai_health_WHO_2021,126,165,INDEXED,,2984,2743,4
ethics_governance_ai_health_WHO_2021,127,165,INDEXED,,3192,2982,4
ethics_governance_ai_health_WHO_2021,128,165,INDEXED,,3160,2900,3
ethics_governance_ai_health_WHO_2021,129,165,INDEXED,,1846,1599,2
ethics_governance_ai_health_WHO_2021,130,165,REFERENCES_REMOVED,reference_section_starts_removed,4049,0,0
ethics_governance_ai_health_WHO_2021,131,165,REFERENCES_REMOVED,reference_pages_removed,4203,0,0
ethics_governance_ai_health_WHO_2021,132,165,REFERENCES_REMOVED,reference_pages_removed,4017,0,0
ethics_governance_ai_health_WHO_2021,133,165,REFERENCES_REMOVED,reference_pages_removed,4386,0,0
ethics_governance_ai_health_WHO_2021,134,165,REFERENCES_REMOVED,reference_pages_removed,4139,0,0
ethics_governance_ai_health_WHO_2021,135,165,REFERENCES_REMOVED,reference_pages_removed,4133,0,0
ethics_governance_ai_health_WHO_2021,136,165,REFERENCES_REMOVED,reference_pages_removed,4116,0,0
ethics_governance_ai_health_WHO_2021,137,165,REFERENCES_REMOVED,reference_pages_removed,4050,0,0
ethics_governance_ai_health_WHO_2021,138,165,REFERENCES_REMOVED,reference_pages_removed,4058,0,0
ethics_governance_ai_health_WHO_2021,139,165,REFERENCES_REMOVED,reference_pages_removed,3985,0,0
ethics_governance_ai_health_WHO_2021,140,165,REFERENCES_REMOVED,reference_pages_removed,4073,0,0
ethics_governance_ai_health_WHO_2021,141,165,REFERENCES_REMOVED,reference_pages_removed,3893,0,0
ethics_governance_ai_health_WHO_2021,142,165,REFERENCES_REMOVED,reference_pages_removed,4054,0,0
ethics_governance_ai_health_WHO_2021,143,165,REFERENCES_REMOVED,reference_pages_removed,4217,0,0
ethics_governance_ai_health_WHO_2021,144,165,REFERENCES_REMOVED,reference_pages_removed,4159,0,0
ethics_governance_ai_health_WHO_2021,145,165,REFERENCES_REMOVED,reference_pages_removed,4253,0,0
ethics_governance_ai_health_WHO_2021,146,165,REFERENCES_REMOVED,reference_pages_removed,4267,0,0
ethics_governance_ai_health_WHO_2021,147,165,REFERENCES_REMOVED,reference_pages_removed,4150,0,0
ethics_governance_ai_health_WHO_2021,148,165,REFERENCES_REMOVED,reference_pages_removed,4121,0,0
ethics_governance_ai_health_WHO_2021,149,165,REFERENCES_REMOVED,reference_pages_removed,4029,0,0
ethics_governance_ai_health_WHO_2021,150,165,REFERENCES_REMOVED,reference_pages_removed,1954,0,0
ethics_governance_ai_health_WHO_2021,151,165,INDEXED,,2449,2214,2
ethics_governance_ai_health_WHO_2021,152,165,INDEXED,,2780,2534,3
ethics_governance_ai_health_WHO_2021,153,165,INDEXED,,2402,2153,2
ethics_governance_ai_health_WHO_2021,154,165,INDEXED,,2637,2386,3
ethics_governance_ai_health_WHO_2021,155,165,INDEXED,,2387,2143,2
ethics_governance_ai_health_WHO_2021,156,165,INDEXED,,2828,2588,3
ethics_governance_ai_health_WHO_2021,157,165,INDEXED,,2548,2298,2
ethics_governance_ai_health_WHO_2021,158,165,INDEXED,,2552,2299,2
ethics_governance_ai_health_WHO_2021,159,165,INDEXED,,2494,2239,3
ethics_governance_ai_health_WHO_2021,160,165,INDEXED,,2816,2562,2
ethics_governance_ai_health_WHO_2021,161,165,INDEXED,,918,680,1
ethics_governance_ai_health_WHO_2021,162,165,INDEXED,,2647,2402,2
ethics_governance_ai_health_WHO_2021,163,165,INDEXED,,2312,2066,2
ethics_governance_ai_health_WHO_2021,164,165,INDEXED,,2489,2246,2
ethics_governance_ai_health_WHO_2021,165,165,NONINFORMATIVE_REMOVED,institutional_contact_only,395,206,0
european_health_data_space_EU_2025,1,96,INDEXED,,5405,4379,5
european_health_data_space_EU_2025,2,96,INDEXED,,7049,6080,7
european_health_data_space_EU_2025,3,96,INDEXED,,7083,6207,7
european_health_data_space_EU_2025,4,96,INDEXED,,6914,6011,7
european_health_data_space_EU_2025,5,96,INDEXED,,7234,6356,7
european_health_data_space_EU_2025,6,96,INDEXED,,6763,5843,6
european_health_data_space_EU_2025,7,96,INDEXED,,7549,6627,7
european_health_data_space_EU_2025,8,96,INDEXED,,7168,6177,7
european_health_data_space_EU_2025,9,96,INDEXED,,7639,6710,7
european_health_data_space_EU_2025,10,96,INDEXED,,7649,6657,7
european_health_data_space_EU_2025,11,96,INDEXED,,7441,6529,7
european_health_data_space_EU_2025,12,96,INDEXED,,7209,6265,7
european_health_data_space_EU_2025,13,96,INDEXED,,7285,6428,7
european_health_data_space_EU_2025,14,96,INDEXED,,7461,6465,7
european_health_data_space_EU_2025,15,96,INDEXED,,7626,6720,7
european_health_data_space_EU_2025,16,96,INDEXED,,7915,6881,8
european_health_data_space_EU_2025,17,96,INDEXED,,7981,7035,8
european_health_data_space_EU_2025,18,96,INDEXED,,7153,6217,7
european_health_data_space_EU_2025,19,96,INDEXED,,7385,6501,7
european_health_data_space_EU_2025,20,96,INDEXED,,7824,6833,8
european_health_data_space_EU_2025,21,96,INDEXED,,7709,6739,7
european_health_data_space_EU_2025,22,96,INDEXED,,7709,6714,7
european_health_data_space_EU_2025,23,96,INDEXED,,7575,6637,7
european_health_data_space_EU_2025,24,96,INDEXED,,7443,6491,7
european_health_data_space_EU_2025,25,96,INDEXED,,7145,6248,7
european_health_data_space_EU_2025,26,96,INDEXED,,6638,5779,6
european_health_data_space_EU_2025,27,96,INDEXED,,4184,3576,4
european_health_data_space_EU_2025,28,96,INDEXED,,6382,5463,6
european_health_data_space_EU_2025,29,96,INDEXED,,5372,4520,5
european_health_data_space_EU_2025,30,96,INDEXED,,5447,4788,5
european_health_data_space_EU_2025,31,96,INDEXED,,4844,4140,4
european_health_data_space_EU_2025,32,96,INDEXED,,5051,4357,5
european_health_data_space_EU_2025,33,96,INDEXED,,4529,3964,5
european_health_data_space_EU_2025,34,96,INDEXED,,4763,3945,4
european_health_data_space_EU_2025,35,96,INDEXED,,5082,4284,5
european_health_data_space_EU_2025,36,96,INDEXED,,4543,3798,4
european_health_data_space_EU_2025,37,96,INDEXED,,4682,4063,5
european_health_data_space_EU_2025,38,96,INDEXED,,4106,3450,4
european_health_data_space_EU_2025,39,96,INDEXED,,4203,3508,4
european_health_data_space_EU_2025,40,96,INDEXED,,4931,4153,5
european_health_data_space_EU_2025,41,96,INDEXED,,4888,4202,4
european_health_data_space_EU_2025,42,96,INDEXED,,5399,4664,5
european_health_data_space_EU_2025,43,96,INDEXED,,5363,4807,5
european_health_data_space_EU_2025,44,96,INDEXED,,5011,4070,4
european_health_data_space_EU_2025,45,96,INDEXED,,4387,3585,4
european_health_data_space_EU_2025,46,96,INDEXED,,5116,4505,5
european_health_data_space_EU_2025,47,96,INDEXED,,4259,3564,4
european_health_data_space_EU_2025,48,96,INDEXED,,6007,5456,6
european_health_data_space_EU_2025,49,96,INDEXED,,4093,3403,4
european_health_data_space_EU_2025,50,96,INDEXED,,4717,3999,4
european_health_data_space_EU_2025,51,96,INDEXED,,4582,3848,4
european_health_data_space_EU_2025,52,96,INDEXED,,4198,3421,4
european_health_data_space_EU_2025,53,96,INDEXED,,5296,4582,5
european_health_data_space_EU_2025,54,96,INDEXED,,4997,4384,5
european_health_data_space_EU_2025,55,96,INDEXED,,5042,4330,5
european_health_data_space_EU_2025,56,96,INDEXED,,4539,3792,4
european_health_data_space_EU_2025,57,96,INDEXED,,4249,3466,4
european_health_data_space_EU_2025,58,96,INDEXED,,4822,4085,4
european_health_data_space_EU_2025,59,96,INDEXED,,5735,5119,6
european_health_data_space_EU_2025,60,96,INDEXED,,5191,4425,5
european_health_data_space_EU_2025,61,96,INDEXED,,5064,4355,5
european_health_data_space_EU_2025,62,96,INDEXED,,4680,3991,4
european_health_data_space_EU_2025,63,96,INDEXED,,4591,4039,4
european_health_data_space_EU_2025,64,96,INDEXED,,4747,4023,4
european_health_data_space_EU_2025,65,96,INDEXED,,4834,4292,5
european_health_data_space_EU_2025,66,96,INDEXED,,5733,5010,5
european_health_data_space_EU_2025,67,96,INDEXED,,5926,5341,6
european_health_data_space_EU_2025,68,96,INDEXED,,5323,4684,5
european_health_data_space_EU_2025,69,96,INDEXED,,4948,4220,5
european_health_data_space_EU_2025,70,96,INDEXED,,5134,4472,5
european_health_data_space_EU_2025,71,96,INDEXED,,5885,5382,6
european_health_data_space_EU_2025,72,96,INDEXED,,4868,4240,5
european_health_data_space_EU_2025,73,96,INDEXED,,4595,3991,4
european_health_data_space_EU_2025,74,96,INDEXED,,4888,4214,5
european_health_data_space_EU_2025,75,96,INDEXED,,5027,4459,5
european_health_data_space_EU_2025,76,96,INDEXED,,5545,4747,5
european_health_data_space_EU_2025,77,96,INDEXED,,6130,5604,6
european_health_data_space_EU_2025,78,96,INDEXED,,5043,4251,5
european_health_data_space_EU_2025,79,96,INDEXED,,4750,4092,5
european_health_data_space_EU_2025,80,96,INDEXED,,4111,3157,3
european_health_data_space_EU_2025,81,96,INDEXED,,5083,4302,5
european_health_data_space_EU_2025,82,96,INDEXED,,6092,5376,6
european_health_data_space_EU_2025,83,96,INDEXED,,4669,3906,4
european_health_data_space_EU_2025,84,96,INDEXED,,4836,4242,5
european_health_data_space_EU_2025,85,96,INDEXED,,4637,3908,4
european_health_data_space_EU_2025,86,96,INDEXED,,4662,3943,4
european_health_data_space_EU_2025,87,96,INDEXED,,3550,2900,3
european_health_data_space_EU_2025,88,96,INDEXED,,3890,2949,3
european_health_data_space_EU_2025,89,96,INDEXED,,4266,3626,4
european_health_data_space_EU_2025,90,96,INDEXED,,4484,3769,4
european_health_data_space_EU_2025,91,96,INDEXED,,684,305,1
european_health_data_space_EU_2025,92,96,INDEXED,,4583,2752,3
european_health_data_space_EU_2025,93,96,INDEXED,,4981,4167,5
european_health_data_space_EU_2025,94,96,INDEXED,,1714,1249,1
european_health_data_space_EU_2025,95,96,INDEXED,,3196,2649,3
european_health_data_space_EU_2025,96,96,INDEXED,,1692,1286,1
gdpr_regulation_EU_2016,1,88,INDEXED,,3393,2701,3
gdpr_regulation_EU_2016,2,88,INDEXED,,6083,5334,6
gdpr_regulation_EU_2016,3,88,INDEXED,,5736,5059,5
gdpr_regulation_EU_2016,4,88,INDEXED,,6297,5539,6
gdpr_regulation_EU_2016,5,88,INDEXED,,5513,4858,5
gdpr_regulation_EU_2016,6,88,INDEXED,,5678,4982,5
gdpr_regulation_EU_2016,7,88,INDEXED,,6184,5451,6
gdpr_regulation_EU_2016,8,88,INDEXED,,5464,4811,5
gdpr_regulation_EU_2016,9,88,INDEXED,,6060,5328,6
gdpr_regulation_EU_2016,10,88,INDEXED,,6591,5797,6
gdpr_regulation_EU_2016,11,88,INDEXED,,5343,4707,5
gdpr_regulation_EU_2016,12,88,INDEXED,,6177,5441,6
gdpr_regulation_EU_2016,13,88,INDEXED,,6140,5426,6
gdpr_regulation_EU_2016,14,88,INDEXED,,6105,5383,6
gdpr_regulation_EU_2016,15,88,INDEXED,,6072,5348,6
gdpr_regulation_EU_2016,16,88,INDEXED,,6208,5459,6
gdpr_regulation_EU_2016,17,88,INDEXED,,5742,5047,6
gdpr_regulation_EU_2016,18,88,INDEXED,,5787,5099,6
gdpr_regulation_EU_2016,19,88,INDEXED,,5660,4985,5
gdpr_regulation_EU_2016,20,88,INDEXED,,6226,5453,6
gdpr_regulation_EU_2016,21,88,INDEXED,,6169,5414,6
gdpr_regulation_EU_2016,22,88,INDEXED,,5995,5285,6
gdpr_regulation_EU_2016,23,88,INDEXED,,6061,5349,6
gdpr_regulation_EU_2016,24,88,INDEXED,,5952,5253,6
gdpr_regulation_EU_2016,25,88,INDEXED,,5576,4903,5
gdpr_regulation_EU_2016,26,88,INDEXED,,6636,5849,7
gdpr_regulation_EU_2016,27,88,INDEXED,,5721,5042,5
gdpr_regulation_EU_2016,28,88,INDEXED,,6262,5508,6
gdpr_regulation_EU_2016,29,88,INDEXED,,6146,5407,6
gdpr_regulation_EU_2016,30,88,INDEXED,,5701,5041,5
gdpr_regulation_EU_2016,31,88,INDEXED,,5441,4765,5
gdpr_regulation_EU_2016,32,88,INDEXED,,3135,2357,3
gdpr_regulation_EU_2016,33,88,INDEXED,,4156,3555,4
gdpr_regulation_EU_2016,34,88,INDEXED,,4539,3962,5
gdpr_regulation_EU_2016,35,88,INDEXED,,3975,3252,4
gdpr_regulation_EU_2016,36,88,INDEXED,,4343,3793,4
gdpr_regulation_EU_2016,37,88,INDEXED,,3903,3322,4
gdpr_regulation_EU_2016,38,88,INDEXED,,4355,3799,4
gdpr_regulation_EU_2016,39,88,INDEXED,,4198,3360,4
gdpr_regulation_EU_2016,40,88,INDEXED,,4095,3588,4
gdpr_regulation_EU_2016,41,88,INDEXED,,3853,3347,4
gdpr_regulation_EU_2016,42,88,INDEXED,,4498,4016,5
gdpr_regulation_EU_2016,43,88,INDEXED,,3845,3062,3
gdpr_regulation_EU_2016,44,88,INDEXED,,3992,3433,4
gdpr_regulation_EU_2016,45,88,INDEXED,,3822,3061,3
gdpr_regulation_EU_2016,46,88,INDEXED,,3566,2899,3
gdpr_regulation_EU_2016,47,88,INDEXED,,3439,2754,3
gdpr_regulation_EU_2016,48,88,INDEXED,,4126,3451,4
gdpr_regulation_EU_2016,49,88,INDEXED,,4381,3829,4
gdpr_regulation_EU_2016,50,88,INDEXED,,3971,3402,4
gdpr_regulation_EU_2016,51,88,INDEXED,,3927,3224,4
gdpr_regulation_EU_2016,52,88,INDEXED,,4059,3464,4
gdpr_regulation_EU_2016,53,88,INDEXED,,4473,3892,4
gdpr_regulation_EU_2016,54,88,INDEXED,,4529,3969,4
gdpr_regulation_EU_2016,55,88,INDEXED,,3776,3115,4
gdpr_regulation_EU_2016,56,88,INDEXED,,3932,3260,4
gdpr_regulation_EU_2016,57,88,INDEXED,,4589,4150,5
gdpr_regulation_EU_2016,58,88,INDEXED,,3857,3258,4
gdpr_regulation_EU_2016,59,88,INDEXED,,4572,4026,4
gdpr_regulation_EU_2016,60,88,INDEXED,,4795,4200,5
gdpr_regulation_EU_2016,61,88,INDEXED,,5474,4898,5
gdpr_regulation_EU_2016,62,88,INDEXED,,3965,3325,4
gdpr_regulation_EU_2016,63,88,INDEXED,,4747,4220,5
gdpr_regulation_EU_2016,64,88,INDEXED,,4707,4078,5
gdpr_regulation_EU_2016,65,88,INDEXED,,3996,3245,4
gdpr_regulation_EU_2016,66,88,INDEXED,,3257,2621,3
gdpr_regulation_EU_2016,67,88,INDEXED,,4087,3411,4
gdpr_regulation_EU_2016,68,88,INDEXED,,4191,3613,4
gdpr_regulation_EU_2016,69,88,INDEXED,,3437,2901,3
gdpr_regulation_EU_2016,70,88,INDEXED,,4277,3697,4
gdpr_regulation_EU_2016,71,88,INDEXED,,5016,4303,5
gdpr_regulation_EU_2016,72,88,INDEXED,,4594,3963,4
gdpr_regulation_EU_2016,73,88,INDEXED,,4643,3945,5
gdpr_regulation_EU_2016,74,88,INDEXED,,4364,3831,4
gdpr_regulation_EU_2016,75,88,INDEXED,,5047,4522,5
gdpr_regulation_EU_2016,76,88,INDEXED,,3383,2528,3
gdpr_regulation_EU_2016,77,88,INDEXED,,4924,4370,5
gdpr_regulation_EU_2016,78,88,INDEXED,,3489,2756,3
gdpr_regulation_EU_2016,79,88,INDEXED,,3049,2329,3
gdpr_regulation_EU_2016,80,88,INDEXED,,3939,3236,4
gdpr_regulation_EU_2016,81,88,INDEXED,,4380,3689,4
gdpr_regulation_EU_2016,82,88,INDEXED,,3830,3318,4
gdpr_regulation_EU_2016,83,88,INDEXED,,4148,3464,4
gdpr_regulation_EU_2016,84,88,INDEXED,,4566,3784,4
gdpr_regulation_EU_2016,85,88,INDEXED,,4152,3402,4
gdpr_regulation_EU_2016,86,88,INDEXED,,3447,2685,3
gdpr_regulation_EU_2016,87,88,INDEXED,,3212,2470,3
gdpr_regulation_EU_2016,88,88,INDEXED,,592,293,1
global_digital_health_strategy_WHO_2020_2027,1,60,NONINFORMATIVE_REMOVED,boilerplate_or_url_only,96,43,0
global_digital_health_strategy_WHO_2020_2027,2,60,NONINFORMATIVE_REMOVED,copyright_or_disclaimer,3385,3352,0
global_digital_health_strategy_WHO_2020_2027,3,60,NONINFORMATIVE_REMOVED,toc_start,2549,1326,0
global_digital_health_strategy_WHO_2020_2027,4,60,NONINFORMATIVE_REMOVED,acknowledgements,2945,2185,0
global_digital_health_strategy_WHO_2020_2027,5,60,NONINFORMATIVE_REMOVED,acknowledgements,1582,1493,0
global_digital_health_strategy_WHO_2020_2027,6,60,INDEXED,,3118,2450,3
global_digital_health_strategy_WHO_2020_2027,7,60,INDEXED,,2526,2144,2
global_digital_health_strategy_WHO_2020_2027,8,60,NONINFORMATIVE_REMOVED,photo_credit_only,114,42,0
global_digital_health_strategy_WHO_2020_2027,9,60,INDEXED,,3091,2344,3
global_digital_health_strategy_WHO_2020_2027,10,60,INDEXED,,3124,2338,3
global_digital_health_strategy_WHO_2020_2027,11,60,NONINFORMATIVE_REMOVED,photo_credit_only,170,49,0
global_digital_health_strategy_WHO_2020_2027,12,60,INDEXED,,2445,2354,3
global_digital_health_strategy_WHO_2020_2027,13,60,INDEXED,,3613,2728,3
global_digital_health_strategy_WHO_2020_2027,14,60,INDEXED,,2428,2338,4
global_digital_health_strategy_WHO_2020_2027,15,60,INDEXED,,727,635,1
global_digital_health_strategy_WHO_2020_2027,16,60,NONINFORMATIVE_REMOVED,photo_credit_only,118,46,0
global_digital_health_strategy_WHO_2020_2027,17,60,INDEXED,,2537,1917,2
global_digital_health_strategy_WHO_2020_2027,18,60,INDEXED,,2583,1877,2
global_digital_health_strategy_WHO_2020_2027,19,60,INDEXED,,995,688,1
global_digital_health_strategy_WHO_2020_2027,20,60,NONINFORMATIVE_REMOVED,photo_credit_only,116,44,0
global_digital_health_strategy_WHO_2020_2027,21,60,INDEXED,,2723,2087,2
global_digital_health_strategy_WHO_2020_2027,22,60,INDEXED,,1874,1705,2
global_digital_health_strategy_WHO_2020_2027,23,60,INDEXED,,2917,2155,3
global_digital_health_strategy_WHO_2020_2027,24,60,INDEXED,,2014,1844,2
global_digital_health_strategy_WHO_2020_2027,25,60,INDEXED,,2581,1806,2
global_digital_health_strategy_WHO_2020_2027,26,60,INDEXED,,2142,2005,2
global_digital_health_strategy_WHO_2020_2027,27,60,INDEXED,,1789,1607,2
global_digital_health_strategy_WHO_2020_2027,28,60,INDEXED,,2907,2156,2
global_digital_health_strategy_WHO_2020_2027,29,60,INDEXED,,2138,1944,2
global_digital_health_strategy_WHO_2020_2027,30,60,INDEXED,,1046,904,1
global_digital_health_strategy_WHO_2020_2027,31,60,NONINFORMATIVE_REMOVED,photo_credit_only,121,49,0
global_digital_health_strategy_WHO_2020_2027,32,60,INDEXED,,2214,1729,2
global_digital_health_strategy_WHO_2020_2027,33,60,INDEXED,,1872,1308,2
global_digital_health_strategy_WHO_2020_2027,34,60,INDEXED,,834,579,1
global_digital_health_strategy_WHO_2020_2027,35,60,INDEXED,,2552,2467,3
global_digital_health_strategy_WHO_2020_2027,36,60,INDEXED,,3063,2241,3
global_digital_health_strategy_WHO_2020_2027,37,60,INDEXED,,2338,2250,2
global_digital_health_strategy_WHO_2020_2027,38,60,NONINFORMATIVE_REMOVED,photo_credit_only,168,40,0
global_digital_health_strategy_WHO_2020_2027,39,60,INDEXED,,3020,2267,2
global_digital_health_strategy_WHO_2020_2027,40,60,NONINFORMATIVE_REMOVED,photo_credit_only,508,107,0
global_digital_health_strategy_WHO_2020_2027,41,60,INDEXED,,4439,2270,3
global_digital_health_strategy_WHO_2020_2027,42,60,INDEXED,,3007,1805,2
global_digital_health_strategy_WHO_2020_2027,43,60,INDEXED,,3468,2082,2
global_digital_health_strategy_WHO_2020_2027,44,60,INDEXED,,3173,1901,2
global_digital_health_strategy_WHO_2020_2027,45,60,INDEXED,,2254,1095,1
global_digital_health_strategy_WHO_2020_2027,46,60,NONINFORMATIVE_REMOVED,photo_credit_only,167,43,0
global_digital_health_strategy_WHO_2020_2027,47,60,INDEXED,,146,125,1
global_digital_health_strategy_WHO_2020_2027,48,60,INDEXED,,4911,2925,3
global_digital_health_strategy_WHO_2020_2027,49,60,INDEXED,,4907,2926,3
global_digital_health_strategy_WHO_2020_2027,50,60,INDEXED,,3183,1941,2
global_digital_health_strategy_WHO_2020_2027,51,60,INDEXED,,4083,2528,3
global_digital_health_strategy_WHO_2020_2027,52,60,INDEXED,,3874,2407,3
global_digital_health_strategy_WHO_2020_2027,53,60,INDEXED,,3704,2419,3
global_digital_health_strategy_WHO_2020_2027,54,60,INDEXED,,4491,2346,3
global_digital_health_strategy_WHO_2020_2027,55,60,INDEXED,,5127,3284,4
global_digital_health_strategy_WHO_2020_2027,56,60,INDEXED,,2564,1482,2
global_digital_health_strategy_WHO_2020_2027,57,60,INDEXED,,5109,3136,3
global_digital_health_strategy_WHO_2020_2027,58,60,INDEXED,,4168,2465,3
global_digital_health_strategy_WHO_2020_2027,59,60,INDEXED,,1378,1002,1
global_digital_health_strategy_WHO_2020_2027,60,60,RAW_EMPTY,raw_text_empty,0,0,0
good_ml_practice_guiding_principles_FDA_2021,1,2,INDEXED,,2822,2709,3
good_ml_practice_guiding_principles_FDA_2021,2,2,INDEXED,,5187,5021,6
imdrf_good_ml_practice_2025,1,9,INDEXED,,238,191,1
imdrf_good_ml_practice_2025,2,9,NONINFORMATIVE_REMOVED,copyright_or_disclaimer,1204,1188,0
imdrf_good_ml_practice_2025,3,9,NONINFORMATIVE_REMOVED,toc_start,329,66,0
imdrf_good_ml_practice_2025,4,9,INDEXED,,2632,2463,3
imdrf_good_ml_practice_2025,5,9,INDEXED,,1197,965,1
imdrf_good_ml_practice_2025,6,9,INDEXED,,2650,2407,3
imdrf_good_ml_practice_2025,7,9,INDEXED,,3866,3516,4
imdrf_good_ml_practice_2025,8,9,INDEXED,,2138,1873,2
imdrf_good_ml_practice_2025,9,9,NONINFORMATIVE_REMOVED,copyright_or_disclaimer,1383,1220,0
imdrf_ml_medical_devices_terms_2022,1,18,INDEXED,,205,170,1
imdrf_ml_medical_devices_terms_2022,2,18,INDEXED,,637,503,1
imdrf_ml_medical_devices_terms_2022,3,18,NONINFORMATIVE_REMOVED,toc_start,2069,848,0
imdrf_ml_medical_devices_terms_2022,4,18,INDEXED,,2676,2535,3
imdrf_ml_medical_devices_terms_2022,5,18,INDEXED,,1129,981,1
imdrf_ml_medical_devices_terms_2022,6,18,INDEXED,,1789,1499,2
imdrf_ml_medical_devices_terms_2022,7,18,INDEXED,,1389,1220,1
imdrf_ml_medical_devices_terms_2022,8,18,INDEXED,,1775,1634,2
imdrf_ml_medical_devices_terms_2022,9,18,INDEXED,,2174,1836,2
imdrf_ml_medical_devices_terms_2022,10,18,INDEXED,,2406,2061,2
imdrf_ml_medical_devices_terms_2022,11,18,INDEXED,,2466,2173,4
imdrf_ml_medical_devices_terms_2022,12,18,INDEXED,,490,329,1
imdrf_ml_medical_devices_terms_2022,13,18,INDEXED,,1256,1125,1
imdrf_ml_medical_devices_terms_2022,14,18,INDEXED,,2467,2284,3
imdrf_ml_medical_devices_terms_2022,15,18,INDEXED,,1531,1369,1
imdrf_ml_medical_devices_terms_2022,16,18,INDEXED,,2147,2007,2
imdrf_ml_medical_devices_terms_2022,17,18,INDEXED,,2020,1862,2
imdrf_ml_medical_devices_terms_2022,18,18,NONINFORMATIVE_REMOVED,copyright_or_disclaimer,544,537,0
imdrf_samd_clinical_evaluation_2017,1,30,INDEXED,,830,666,1
imdrf_samd_clinical_evaluation_2017,2,30,NONINFORMATIVE_REMOVED,toc_start,2768,2508,0
imdrf_samd_clinical_evaluation_2017,3,30,INDEXED,,835,613,1
imdrf_samd_clinical_evaluation_2017,4,30,INDEXED,,3049,2227,2
imdrf_samd_clinical_evaluation_2017,5,30,NONINFORMATIVE_REMOVED,editorial_footer_or_figure_caption,325,53,0
imdrf_samd_clinical_evaluation_2017,6,30,INDEXED,,1727,1461,2
imdrf_samd_clinical_evaluation_2017,7,30,INDEXED,,3026,2176,3
imdrf_samd_clinical_evaluation_2017,8,30,INDEXED,,1851,1553,2
imdrf_samd_clinical_evaluation_2017,9,30,INDEXED,,3147,2318,3
imdrf_samd_clinical_evaluation_2017,10,30,INDEXED,,3050,2418,3
imdrf_samd_clinical_evaluation_2017,11,30,INDEXED,,3225,1912,2
imdrf_samd_clinical_evaluation_2017,12,30,INDEXED,,2166,1841,2
imdrf_samd_clinical_evaluation_2017,13,30,INDEXED,,3518,2399,3
imdrf_samd_clinical_evaluation_2017,14,30,INDEXED,,3258,2094,2
imdrf_samd_clinical_evaluation_2017,15,30,INDEXED,,2214,1898,2
imdrf_samd_clinical_evaluation_2017,16,30,INDEXED,,2335,2087,3
imdrf_samd_clinical_evaluation_2017,17,30,INDEXED,,1142,921,1
imdrf_samd_clinical_evaluation_2017,18,30,INDEXED,,1923,1620,2
imdrf_samd_clinical_evaluation_2017,19,30,INDEXED,,2154,1806,2
imdrf_samd_clinical_evaluation_2017,20,30,INDEXED,,1971,1630,2
imdrf_samd_clinical_evaluation_2017,21,30,INDEXED,,1190,304,1
imdrf_samd_clinical_evaluation_2017,22,30,REFERENCES_REMOVED,reference_section_starts_removed,2335,0,0
imdrf_samd_clinical_evaluation_2017,23,30,REFERENCES_REMOVED,reference_pages_removed,2563,0,0
imdrf_samd_clinical_evaluation_2017,24,30,INDEXED,,2976,2564,3
imdrf_samd_clinical_evaluation_2017,25,30,INDEXED,,3265,2827,3
imdrf_samd_clinical_evaluation_2017,26,30,INDEXED,,3197,2787,3
imdrf_samd_clinical_evaluation_2017,27,30,INDEXED,,2919,2515,3
imdrf_samd_clinical_evaluation_2017,28,30,INDEXED,,3032,2618,3
imdrf_samd_clinical_evaluation_2017,29,30,INDEXED,,3034,2614,3
imdrf_samd_clinical_evaluation_2017,30,30,NONINFORMATIVE_REMOVED,editorial_footer_or_figure_caption,321,93,0
imdrf_samd_risk_framework_2014,1,30,INDEXED,,1130,786,1
imdrf_samd_risk_framework_2014,2,30,NONINFORMATIVE_REMOVED,toc_start,3826,3425,0
imdrf_samd_risk_framework_2014,3,30,INDEXED,,938,620,1
imdrf_samd_risk_framework_2014,4,30,INDEXED,,2900,2524,3
imdrf_samd_risk_framework_2014,5,30,INDEXED,,2310,1889,2
imdrf_samd_risk_framework_2014,6,30,INDEXED,,2033,1577,2
imdrf_samd_risk_framework_2014,7,30,INDEXED,,2611,2174,3
imdrf_samd_risk_framework_2014,8,30,INDEXED,,2803,2335,3
imdrf_samd_risk_framework_2014,9,30,INDEXED,,2897,2455,3
imdrf_samd_risk_framework_2014,10,30,INDEXED,,2932,2582,3
imdrf_samd_risk_framework_2014,11,30,INDEXED,,2940,2503,3
imdrf_samd_risk_framework_2014,12,30,INDEXED,,2962,2499,3
imdrf_samd_risk_framework_2014,13,30,INDEXED,,2795,2323,3
imdrf_samd_risk_framework_2014,14,30,INDEXED,,2661,1914,2
imdrf_samd_risk_framework_2014,15,30,INDEXED,,2661,2162,2
imdrf_samd_risk_framework_2014,16,30,INDEXED,,3214,2675,3
imdrf_samd_risk_framework_2014,17,30,INDEXED,,3126,2581,3
imdrf_samd_risk_framework_2014,18,30,INDEXED,,2978,2431,3
imdrf_samd_risk_framework_2014,19,30,INDEXED,,3459,2891,3
imdrf_samd_risk_framework_2014,20,30,INDEXED,,2853,2448,3
imdrf_samd_risk_framework_2014,21,30,INDEXED,,2623,2196,3
imdrf_samd_risk_framework_2014,22,30,INDEXED,,2918,2519,3
imdrf_samd_risk_framework_2014,23,30,INDEXED,,2140,1711,2
imdrf_samd_risk_framework_2014,24,30,INDEXED,,2737,2280,3
imdrf_samd_risk_framework_2014,25,30,INDEXED,,3146,2641,3
imdrf_samd_risk_framework_2014,26,30,INDEXED,,2343,1897,2
imdrf_samd_risk_framework_2014,27,30,INDEXED,,2732,2219,2
imdrf_samd_risk_framework_2014,28,30,INDEXED,,3195,2656,3
imdrf_samd_risk_framework_2014,29,30,INDEXED,,2642,2225,3
imdrf_samd_risk_framework_2014,30,30,INDEXED,,1390,1073,1
justice_data_governance_OECD_2024,1,56,NONINFORMATIVE_REMOVED,cover_or_heading_only,401,184,0
justice_data_governance_OECD_2024,2,56,NONINFORMATIVE_REMOVED,boilerplate_or_url_only,54,49,0
justice_data_governance_OECD_2024,3,56,INDEXED,,2451,2341,2
justice_data_governance_OECD_2024,4,56,INDEXED,,1299,1024,1
justice_data_governance_OECD_2024,5,56,NONINFORMATIVE_REMOVED,acknowledgements,2385,2282,0
justice_data_governance_OECD_2024,6,56,NONINFORMATIVE_REMOVED,toc_start,2225,908,0
justice_data_governance_OECD_2024,7,56,INDEXED,,2391,1591,2
justice_data_governance_OECD_2024,8,56,INDEXED,,3293,2939,3
justice_data_governance_OECD_2024,9,56,INDEXED,,5237,3892,4
justice_data_governance_OECD_2024,10,56,INDEXED,,4468,4179,6
justice_data_governance_OECD_2024,11,56,INDEXED,,4327,4177,4
justice_data_governance_OECD_2024,12,56,INDEXED,,2782,2487,3
justice_data_governance_OECD_2024,13,56,INDEXED,,3976,3826,4
justice_data_governance_OECD_2024,14,56,INDEXED,,4087,3782,5
justice_data_governance_OECD_2024,15,56,INDEXED,,3475,3347,4
justice_data_governance_OECD_2024,16,56,INDEXED,,3847,3393,5
justice_data_governance_OECD_2024,17,56,INDEXED,,3553,3280,4
justice_data_governance_OECD_2024,18,56,INDEXED,,2610,2299,3
justice_data_governance_OECD_2024,19,56,INDEXED,,4175,4046,5
justice_data_governance_OECD_2024,20,56,INDEXED,,3446,3148,5
justice_data_governance_OECD_2024,21,56,INDEXED,,4075,3943,5
justice_data_governance_OECD_2024,22,56,INDEXED,,3802,3507,4
justice_data_governance_OECD_2024,23,56,INDEXED,,4212,4086,5
justice_data_governance_OECD_2024,24,56,INDEXED,,4087,3796,4
justice_data_governance_OECD_2024,25,56,INDEXED,,4659,4539,5
justice_data_governance_OECD_2024,26,56,INDEXED,,4133,3826,4
justice_data_governance_OECD_2024,27,56,INDEXED,,2164,1524,2
justice_data_governance_OECD_2024,28,56,INDEXED,,1612,1327,2
justice_data_governance_OECD_2024,29,56,INDEXED,,4088,3970,4
justice_data_governance_OECD_2024,30,56,INDEXED,,4425,4117,5
justice_data_governance_OECD_2024,31,56,INDEXED,,3537,3403,3
justice_data_governance_OECD_2024,32,56,INDEXED,,3984,3665,4
justice_data_governance_OECD_2024,33,56,INDEXED,,4435,4270,4
justice_data_governance_OECD_2024,34,56,INDEXED,,4303,3760,4
justice_data_governance_OECD_2024,35,56,INDEXED,,2667,2561,3
justice_data_governance_OECD_2024,36,56,INDEXED,,4414,4107,5
justice_data_governance_OECD_2024,37,56,INDEXED,,3718,3566,4
justice_data_governance_OECD_2024,38,56,INDEXED,,2938,2648,3
justice_data_governance_OECD_2024,39,56,INDEXED,,4356,4230,5
justice_data_governance_OECD_2024,40,56,INDEXED,,4056,3762,4
justice_data_governance_OECD_2024,41,56,INDEXED,,3283,3118,3
justice_data_governance_OECD_2024,42,56,INDEXED,,4355,3989,4
justice_data_governance_OECD_2024,43,56,INDEXED,,3999,3816,4
justice_data_governance_OECD_2024,44,56,INDEXED,,3721,3337,4
justice_data_governance_OECD_2024,45,56,INDEXED,,3948,3784,4
justice_data_governance_OECD_2024,46,56,INDEXED,,3160,2795,3
justice_data_governance_OECD_2024,47,56,INDEXED,,3868,3706,4
justice_data_governance_OECD_2024,48,56,NONINFORMATIVE_REMOVED,boilerplate_or_url_only,2807,4,0
justice_data_governance_OECD_2024,49,56,REFERENCES_REMOVED,reference_pages_removed,3410,0,0
justice_data_governance_OECD_2024,50,56,REFERENCES_REMOVED,reference_pages_removed,3453,0,0
justice_data_governance_OECD_2024,51,56,REFERENCES_REMOVED,reference_pages_removed,3047,0,0
justice_data_governance_OECD_2024,52,56,REFERENCES_REMOVED,reference_pages_removed,3537,0,0
justice_data_governance_OECD_2024,53,56,REFERENCES_REMOVED,reference_pages_removed,3001,0,0
justice_data_governance_OECD_2024,54,56,INDEXED,,3209,2927,3
justice_data_governance_OECD_2024,55,56,INDEXED,,4377,4280,4
justice_data_governance_OECD_2024,56,56,INDEXED,,501,236,1
multimodal_models_guidance_WHO_2024,1,98,NONINFORMATIVE_REMOVED,cover_or_heading_only,102,96,0
multimodal_models_guidance_WHO_2024,2,98,RAW_EMPTY,raw_text_empty,0,0,0
multimodal_models_guidance_WHO_2024,3,98,NONINFORMATIVE_REMOVED,cover_or_heading_only,102,96,0
multimodal_models_guidance_WHO_2024,4,98,NONINFORMATIVE_REMOVED,copyright_or_disclaimer,3549,3532,0
multimodal_models_guidance_WHO_2024,5,98,NONINFORMATIVE_REMOVED,toc_start,3075,2604,0
multimodal_models_guidance_WHO_2024,6,98,NONINFORMATIVE_REMOVED,toc_continuation,1829,1518,0
multimodal_models_guidance_WHO_2024,7,98,NONINFORMATIVE_REMOVED,acknowledgements,2662,2576,0
multimodal_models_guidance_WHO_2024,8,98,INDEXED,,2464,2325,3
multimodal_models_guidance_WHO_2024,9,98,NONINFORMATIVE_REMOVED,acknowledgements,212,118,0
multimodal_models_guidance_WHO_2024,10,98,INDEXED,,3167,2989,4
multimodal_models_guidance_WHO_2024,11,98,INDEXED,,2796,2263,3
multimodal_models_guidance_WHO_2024,12,98,INDEXED,,3880,2267,2
multimodal_models_guidance_WHO_2024,13,98,INDEXED,,3304,2858,3
multimodal_models_guidance_WHO_2024,14,98,INDEXED,,4029,2298,3
multimodal_models_guidance_WHO_2024,15,98,INDEXED,,2979,2829,3
multimodal_models_guidance_WHO_2024,16,98,INDEXED,,2787,2608,3
multimodal_models_guidance_WHO_2024,17,98,INDEXED,,1245,1153,1
multimodal_models_guidance_WHO_2024,18,98,INDEXED,,6851,3205,3
multimodal_models_guidance_WHO_2024,19,98,INDEXED,,3403,3263,4
multimodal_models_guidance_WHO_2024,20,98,INDEXED,,3825,3641,4
multimodal_models_guidance_WHO_2024,21,98,INDEXED,,3486,3359,4
multimodal_models_guidance_WHO_2024,22,98,INDEXED,,3341,3170,4
multimodal_models_guidance_WHO_2024,23,98,INDEXED,,3341,2810,3
multimodal_models_guidance_WHO_2024,24,98,RAW_EMPTY,raw_text_empty,0,0,0
multimodal_models_guidance_WHO_2024,25,98,NONINFORMATIVE_REMOVED,boilerplate_or_url_only,52,45,0
multimodal_models_guidance_WHO_2024,26,98,INDEXED,,3030,2878,3
multimodal_models_guidance_WHO_2024,27,98,INDEXED,,3287,3228,4
multimodal_models_guidance_WHO_2024,28,98,INDEXED,,3863,3375,4
multimodal_models_guidance_WHO_2024,29,98,INDEXED,,3115,2982,3
multimodal_models_guidance_WHO_2024,30,98,INDEXED,,3469,3090,4
multimodal_models_guidance_WHO_2024,31,98,INDEXED,,2929,2801,3
multimodal_models_guidance_WHO_2024,32,98,INDEXED,,3944,3394,4
multimodal_models_guidance_WHO_2024,33,98,INDEXED,,3271,3122,3
multimodal_models_guidance_WHO_2024,34,98,INDEXED,,3092,2771,3
multimodal_models_guidance_WHO_2024,35,98,INDEXED,,2969,2902,3
multimodal_models_guidance_WHO_2024,36,98,INDEXED,,3200,2905,3
multimodal_models_guidance_WHO_2024,37,98,INDEXED,,851,739,1
multimodal_models_guidance_WHO_2024,38,98,INDEXED,,2759,2591,3
multimodal_models_guidance_WHO_2024,39,98,INDEXED,,3380,3326,4
multimodal_models_guidance_WHO_2024,40,98,INDEXED,,3350,3152,4
multimodal_models_guidance_WHO_2024,41,98,INDEXED,,3387,3333,4
multimodal_models_guidance_WHO_2024,42,98,INDEXED,,3341,3159,4
multimodal_models_guidance_WHO_2024,43,98,INDEXED,,3511,3463,4
multimodal_models_guidance_WHO_2024,44,98,INDEXED,,3841,3646,4
multimodal_models_guidance_WHO_2024,45,98,INDEXED,,3565,3513,4
multimodal_models_guidance_WHO_2024,46,98,INDEXED,,3618,3423,4
multimodal_models_guidance_WHO_2024,47,98,RAW_EMPTY,raw_text_empty,0,0,0
multimodal_models_guidance_WHO_2024,48,98,RAW_EMPTY,raw_text_empty,0,0,0
multimodal_models_guidance_WHO_2024,49,98,NONINFORMATIVE_REMOVED,cover_or_heading_only,73,61,0
multimodal_models_guidance_WHO_2024,50,98,INDEXED,,3832,3627,4
multimodal_models_guidance_WHO_2024,51,98,INDEXED,,1987,1873,2
multimodal_models_guidance_WHO_2024,52,98,INDEXED,,2789,2607,3
multimodal_models_guidance_WHO_2024,53,98,INDEXED,,2821,2705,3
multimodal_models_guidance_WHO_2024,54,98,INDEXED,,3851,3643,4
multimodal_models_guidance_WHO_2024,55,98,INDEXED,,3295,3244,4
multimodal_models_guidance_WHO_2024,56,98,INDEXED,,3963,3746,4
multimodal_models_guidance_WHO_2024,57,98,INDEXED,,3606,3563,4
multimodal_models_guidance_WHO_2024,58,98,INDEXED,,3169,2697,3
multimodal_models_guidance_WHO_2024,59,98,INDEXED,,3416,3330,4
multimodal_models_guidance_WHO_2024,60,98,INDEXED,,3323,3046,3
multimodal_models_guidance_WHO_2024,61,98,INDEXED,,2859,2732,3
multimodal_models_guidance_WHO_2024,62,98,INDEXED,,3034,2553,3
multimodal_models_guidance_WHO_2024,63,98,INDEXED,,2773,2701,3
multimodal_models_guidance_WHO_2024,64,98,INDEXED,,3139,2950,3
multimodal_models_guidance_WHO_2024,65,98,INDEXED,,3492,3437,4
multimodal_models_guidance_WHO_2024,66,98,INDEXED,,3680,3483,4
multimodal_models_guidance_WHO_2024,67,98,INDEXED,,3579,3518,4
multimodal_models_guidance_WHO_2024,68,98,INDEXED,,3648,3446,4
multimodal_models_guidance_WHO_2024,69,98,INDEXED,,3057,2791,3
multimodal_models_guidance_WHO_2024,70,98,INDEXED,,1178,1013,1
multimodal_models_guidance_WHO_2024,71,98,INDEXED,,1758,1622,2
multimodal_models_guidance_WHO_2024,72,98,INDEXED,,2917,2731,3
multimodal_models_guidance_WHO_2024,73,98,INDEXED,,3002,2942,3
multimodal_models_guidance_WHO_2024,74,98,INDEXED,,3319,3039,3
multimodal_models_guidance_WHO_2024,75,98,INDEXED,,2928,2794,3
multimodal_models_guidance_WHO_2024,76,98,INDEXED,,3371,3183,4
multimodal_models_guidance_WHO_2024,77,98,INDEXED,,2185,2061,2
multimodal_models_guidance_WHO_2024,78,98,INDEXED,,3300,3116,3
multimodal_models_guidance_WHO_2024,79,98,INDEXED,,1912,1785,2
multimodal_models_guidance_WHO_2024,80,98,NONINFORMATIVE_REMOVED,cover_or_heading_only,2469,100,0
multimodal_models_guidance_WHO_2024,81,98,REFERENCES_REMOVED,reference_pages_removed,2836,0,0
multimodal_models_guidance_WHO_2024,82,98,REFERENCES_REMOVED,reference_pages_removed,2950,0,0
multimodal_models_guidance_WHO_2024,83,98,REFERENCES_REMOVED,reference_pages_removed,2646,0,0
multimodal_models_guidance_WHO_2024,84,98,REFERENCES_REMOVED,reference_pages_removed,2903,0,0
multimodal_models_guidance_WHO_2024,85,98,REFERENCES_REMOVED,reference_pages_removed,2725,0,0
multimodal_models_guidance_WHO_2024,86,98,REFERENCES_REMOVED,reference_pages_removed,2987,0,0
multimodal_models_guidance_WHO_2024,87,98,REFERENCES_REMOVED,reference_pages_removed,2653,0,0
multimodal_models_guidance_WHO_2024,88,98,REFERENCES_REMOVED,reference_pages_removed,2820,0,0
multimodal_models_guidance_WHO_2024,89,98,REFERENCES_REMOVED,reference_pages_removed,3048,0,0
multimodal_models_guidance_WHO_2024,90,98,REFERENCES_REMOVED,reference_pages_removed,2732,0,0
multimodal_models_guidance_WHO_2024,91,98,REFERENCES_REMOVED,reference_pages_removed,2816,0,0
multimodal_models_guidance_WHO_2024,92,98,REFERENCES_REMOVED,reference_pages_removed,3095,0,0
multimodal_models_guidance_WHO_2024,93,98,REFERENCES_REMOVED,reference_pages_removed,2586,0,0
multimodal_models_guidance_WHO_2024,94,98,REFERENCES_REMOVED,reference_pages_removed,2626,0,0
multimodal_models_guidance_WHO_2024,95,98,INDEXED,,2269,2176,3
multimodal_models_guidance_WHO_2024,96,98,RAW_EMPTY,raw_text_empty,0,0,0
multimodal_models_guidance_WHO_2024,97,98,RAW_EMPTY,raw_text_empty,0,0,0
multimodal_models_guidance_WHO_2024,98,98,NONINFORMATIVE_REMOVED,institutional_contact_only,100,100,0
plano_brasileiro_ia_BR_2025,1,108,NONINFORMATIVE_REMOVED,cover_or_heading_only,66,65,0
plano_brasileiro_ia_BR_2025,2,108,RAW_EMPTY,raw_text_empty,0,0,0
plano_brasileiro_ia_BR_2025,3,108,NONINFORMATIVE_REMOVED,boilerplate_or_url_only,129,36,0
plano_brasileiro_ia_BR_2025,4,108,INDEXED,,2213,2036,3
plano_brasileiro_ia_BR_2025,5,108,INDEXED,,1389,1208,1
plano_brasileiro_ia_BR_2025,6,108,INDEXED,,1895,1697,2
plano_brasileiro_ia_BR_2025,7,108,INDEXED,,2203,2021,2
plano_brasileiro_ia_BR_2025,8,108,INDEXED,,996,994,1
plano_brasileiro_ia_BR_2025,9,108,NONINFORMATIVE_REMOVED,toc_start,2057,1065,0
plano_brasileiro_ia_BR_2025,10,108,RAW_EMPTY,raw_text_empty,0,0,0
plano_brasileiro_ia_BR_2025,11,108,INDEXED,,3461,3195,4
plano_brasileiro_ia_BR_2025,12,108,INDEXED,,773,716,1
plano_brasileiro_ia_BR_2025,13,108,INDEXED,,3903,3628,4
plano_brasileiro_ia_BR_2025,14,108,INDEXED,,4271,4049,5
plano_brasileiro_ia_BR_2025,15,108,INDEXED,,4565,3833,4
plano_brasileiro_ia_BR_2025,16,108,INDEXED,,1899,1803,2
plano_brasileiro_ia_BR_2025,17,108,INDEXED,,3390,2947,3
plano_brasileiro_ia_BR_2025,18,108,INDEXED,,4635,3567,4
plano_brasileiro_ia_BR_2025,19,108,INDEXED,,4432,4110,5
plano_brasileiro_ia_BR_2025,20,108,INDEXED,,4072,3859,5
plano_brasileiro_ia_BR_2025,21,108,INDEXED,,4074,3384,4
plano_brasileiro_ia_BR_2025,22,108,INDEXED,,3856,3560,4
plano_brasileiro_ia_BR_2025,23,108,INDEXED,,4446,4125,4
plano_brasileiro_ia_BR_2025,24,108,INDEXED,,6052,3167,3
plano_brasileiro_ia_BR_2025,25,108,INDEXED,,4601,4291,5
plano_brasileiro_ia_BR_2025,26,108,INDEXED,,1197,1129,1
plano_brasileiro_ia_BR_2025,27,108,INDEXED,,4065,3786,4
plano_brasileiro_ia_BR_2025,28,108,INDEXED,,3961,3746,4
plano_brasileiro_ia_BR_2025,29,108,INDEXED,,3004,2540,3
plano_brasileiro_ia_BR_2025,30,108,RAW_EMPTY,raw_text_empty,0,0,0
plano_brasileiro_ia_BR_2025,31,108,INDEXED,,3234,2732,3
plano_brasileiro_ia_BR_2025,32,108,INDEXED,,3481,2747,3
plano_brasileiro_ia_BR_2025,33,108,INDEXED,,3415,2660,3
plano_brasileiro_ia_BR_2025,34,108,INDEXED,,4242,3630,4
plano_brasileiro_ia_BR_2025,35,108,INDEXED,,4700,3945,4
plano_brasileiro_ia_BR_2025,36,108,INDEXED,,3983,3626,4
plano_brasileiro_ia_BR_2025,37,108,INDEXED,,4278,3733,4
plano_brasileiro_ia_BR_2025,38,108,INDEXED,,3273,3056,3
plano_brasileiro_ia_BR_2025,39,108,INDEXED,,3304,2829,3
plano_brasileiro_ia_BR_2025,40,108,INDEXED,,3204,3007,4
plano_brasileiro_ia_BR_2025,41,108,INDEXED,,3801,3249,4
plano_brasileiro_ia_BR_2025,42,108,INDEXED,,2858,2543,3
plano_brasileiro_ia_BR_2025,43,108,INDEXED,,4071,3654,4
plano_brasileiro_ia_BR_2025,44,108,INDEXED,,2930,2636,3
plano_brasileiro_ia_BR_2025,45,108,INDEXED,,3483,2983,3
plano_brasileiro_ia_BR_2025,46,108,INDEXED,,567,519,1
plano_brasileiro_ia_BR_2025,47,108,INDEXED,,3700,3420,4
plano_brasileiro_ia_BR_2025,48,108,INDEXED,,3552,3361,5
plano_brasileiro_ia_BR_2025,49,108,INDEXED,,2304,1827,2
plano_brasileiro_ia_BR_2025,50,108,INDEXED,,2612,2146,2
plano_brasileiro_ia_BR_2025,51,108,INDEXED,,3042,2464,3
plano_brasileiro_ia_BR_2025,52,108,INDEXED,,2574,2154,2
plano_brasileiro_ia_BR_2025,53,108,INDEXED,,3019,2477,3
plano_brasileiro_ia_BR_2025,54,108,INDEXED,,2887,2439,3
plano_brasileiro_ia_BR_2025,55,108,INDEXED,,3236,2683,3
plano_brasileiro_ia_BR_2025,56,108,INDEXED,,2564,2145,2
plano_brasileiro_ia_BR_2025,57,108,INDEXED,,2713,2192,2
plano_brasileiro_ia_BR_2025,58,108,INDEXED,,2397,2001,2
plano_brasileiro_ia_BR_2025,59,108,INDEXED,,1901,1453,2
plano_brasileiro_ia_BR_2025,60,108,INDEXED,,1936,1596,2
plano_brasileiro_ia_BR_2025,61,108,INDEXED,,2018,1553,2
plano_brasileiro_ia_BR_2025,62,108,INDEXED,,1819,1471,2
plano_brasileiro_ia_BR_2025,63,108,INDEXED,,2341,1846,2
plano_brasileiro_ia_BR_2025,64,108,INDEXED,,2334,1952,2
plano_brasileiro_ia_BR_2025,65,108,INDEXED,,2699,2201,2
plano_brasileiro_ia_BR_2025,66,108,INDEXED,,2209,1821,2
plano_brasileiro_ia_BR_2025,67,108,INDEXED,,2328,1840,2
plano_brasileiro_ia_BR_2025,68,108,INDEXED,,1733,1419,2
plano_brasileiro_ia_BR_2025,69,108,INDEXED,,2414,1936,2
plano_brasileiro_ia_BR_2025,70,108,INDEXED,,2162,1820,2
plano_brasileiro_ia_BR_2025,71,108,INDEXED,,2773,2274,3
plano_brasileiro_ia_BR_2025,72,108,INDEXED,,2317,1979,2
plano_brasileiro_ia_BR_2025,73,108,INDEXED,,2623,2140,2
plano_brasileiro_ia_BR_2025,74,108,INDEXED,,3336,2432,3
plano_brasileiro_ia_BR_2025,75,108,INDEXED,,2492,2043,2
plano_brasileiro_ia_BR_2025,76,108,INDEXED,,2477,2126,2
plano_brasileiro_ia_BR_2025,77,108,INDEXED,,2618,2116,2
plano_brasileiro_ia_BR_2025,78,108,INDEXED,,2850,1799,2
plano_brasileiro_ia_BR_2025,79,108,INDEXED,,2230,1795,2
plano_brasileiro_ia_BR_2025,80,108,INDEXED,,1938,1610,2
plano_brasileiro_ia_BR_2025,81,108,INDEXED,,2589,2085,2
plano_brasileiro_ia_BR_2025,82,108,INDEXED,,2311,1928,2
plano_brasileiro_ia_BR_2025,83,108,INDEXED,,2539,2063,2
plano_brasileiro_ia_BR_2025,84,108,INDEXED,,2354,1972,2
plano_brasileiro_ia_BR_2025,85,108,INDEXED,,2517,2018,2
plano_brasileiro_ia_BR_2025,86,108,INDEXED,,2070,1801,2
plano_brasileiro_ia_BR_2025,87,108,INDEXED,,2517,2031,2
plano_brasileiro_ia_BR_2025,88,108,INDEXED,,2546,2146,2
plano_brasileiro_ia_BR_2025,89,108,INDEXED,,2527,2030,2
plano_brasileiro_ia_BR_2025,90,108,INDEXED,,2636,2058,2
plano_brasileiro_ia_BR_2025,91,108,INDEXED,,2371,1903,2
plano_brasileiro_ia_BR_2025,92,108,INDEXED,,2191,1837,2
plano_brasileiro_ia_BR_2025,93,108,INDEXED,,647,407,1
plano_brasileiro_ia_BR_2025,94,108,RAW_EMPTY,raw_text_empty,0,0,0
plano_brasileiro_ia_BR_2025,95,108,INDEXED,,5619,4022,5
plano_brasileiro_ia_BR_2025,96,108,INDEXED,,5728,3710,4
plano_brasileiro_ia_BR_2025,97,108,INDEXED,,5312,3773,4
plano_brasileiro_ia_BR_2025,98,108,INDEXED,,2961,2067,3
plano_brasileiro_ia_BR_2025,99,108,INDEXED,,2751,2495,3
plano_brasileiro_ia_BR_2025,100,108,INDEXED,,2363,2192,2
plano_brasileiro_ia_BR_2025,101,108,INDEXED,,1954,1699,2
plano_brasileiro_ia_BR_2025,102,108,INDEXED,,2956,2762,3
plano_brasileiro_ia_BR_2025,103,108,INDEXED,,3509,3244,3
plano_brasileiro_ia_BR_2025,104,108,INDEXED,,3062,2878,3
plano_brasileiro_ia_BR_2025,105,108,INDEXED,,1261,1003,1
plano_brasileiro_ia_BR_2025,106,108,RAW_EMPTY,raw_text_empty,0,0,0
plano_brasileiro_ia_BR_2025,107,108,RAW_EMPTY,raw_text_empty,0,0,0
plano_brasileiro_ia_BR_2025,108,108,RAW_EMPTY,raw_text_empty,0,0,0
predetermined_change_control_FDA_2023,1,2,INDEXED,,3943,3814,4
predetermined_change_control_FDA_2023,2,2,INDEXED,,3074,2852,3
projeto_lei_2338_BR_2023,1,36,INDEXED,,4428,1965,2
projeto_lei_2338_BR_2023,2,36,INDEXED,,5203,2726,3
projeto_lei_2338_BR_2023,3,36,INDEXED,,5182,2738,3
projeto_lei_2338_BR_2023,4,36,INDEXED,,5822,3065,3
projeto_lei_2338_BR_2023,5,36,INDEXED,,5362,3010,3
projeto_lei_2338_BR_2023,6,36,INDEXED,,4788,2328,3
projeto_lei_2338_BR_2023,7,36,INDEXED,,5197,2781,3
projeto_lei_2338_BR_2023,8,36,INDEXED,,5426,2251,3
projeto_lei_2338_BR_2023,9,36,INDEXED,,5550,2970,3
projeto_lei_2338_BR_2023,10,36,INDEXED,,5636,3133,3
projeto_lei_2338_BR_2023,11,36,INDEXED,,5102,2693,3
projeto_lei_2338_BR_2023,12,36,INDEXED,,4732,2266,3
projeto_lei_2338_BR_2023,13,36,INDEXED,,5175,2790,3
projeto_lei_2338_BR_2023,14,36,INDEXED,,5714,2964,3
projeto_lei_2338_BR_2023,15,36,INDEXED,,5307,2930,3
projeto_lei_2338_BR_2023,16,36,INDEXED,,5521,2816,3
projeto_lei_2338_BR_2023,17,36,INDEXED,,5166,2738,3
projeto_lei_2338_BR_2023,18,36,INDEXED,,4995,2626,3
projeto_lei_2338_BR_2023,19,36,INDEXED,,5343,2579,3
projeto_lei_2338_BR_2023,20,36,INDEXED,,5149,2566,3
projeto_lei_2338_BR_2023,21,36,INDEXED,,4803,2358,3
projeto_lei_2338_BR_2023,22,36,INDEXED,,4880,2434,3
projeto_lei_2338_BR_2023,23,36,INDEXED,,5578,2431,3
projeto_lei_2338_BR_2023,24,36,INDEXED,,5331,2725,3
projeto_lei_2338_BR_2023,25,36,INDEXED,,6089,2989,3
projeto_lei_2338_BR_2023,26,36,INDEXED,,4913,2415,3
projeto_lei_2338_BR_2023,27,36,INDEXED,,5468,3124,3
projeto_lei_2338_BR_2023,28,36,INDEXED,,5307,2104,2
projeto_lei_2338_BR_2023,29,36,INDEXED,,4904,2477,3
projeto_lei_2338_BR_2023,30,36,INDEXED,,5060,2618,3
projeto_lei_2338_BR_2023,31,36,INDEXED,,5336,2998,3
projeto_lei_2338_BR_2023,32,36,INDEXED,,4754,2229,3
projeto_lei_2338_BR_2023,33,36,INDEXED,,5047,2598,3
projeto_lei_2338_BR_2023,34,36,INDEXED,,5305,2628,3
projeto_lei_2338_BR_2023,35,36,INDEXED,,5326,2144,3
projeto_lei_2338_BR_2023,36,36,INDEXED,,2928,426,1
regulatory_considerations_ai_health_WHO_2024,1,80,NONINFORMATIVE_REMOVED,boilerplate_or_url_only,73,63,0
regulatory_considerations_ai_health_WHO_2024,2,80,RAW_EMPTY,raw_text_empty,0,0,0
regulatory_considerations_ai_health_WHO_2024,3,80,NONINFORMATIVE_REMOVED,boilerplate_or_url_only,73,63,0
regulatory_considerations_ai_health_WHO_2024,4,80,NONINFORMATIVE_REMOVED,copyright_or_disclaimer,3442,3339,0
regulatory_considerations_ai_health_WHO_2024,5,80,NONINFORMATIVE_REMOVED,toc_start,5056,4528,0
regulatory_considerations_ai_health_WHO_2024,6,80,NONINFORMATIVE_REMOVED,toc_continuation,2294,2068,0
regulatory_considerations_ai_health_WHO_2024,7,80,INDEXED,,4043,3833,6
regulatory_considerations_ai_health_WHO_2024,8,80,INDEXED,,387,239,1
regulatory_considerations_ai_health_WHO_2024,9,80,INDEXED,,4392,4137,5
regulatory_considerations_ai_health_WHO_2024,10,80,INDEXED,,1695,1576,2
regulatory_considerations_ai_health_WHO_2024,11,80,INDEXED,,1682,1154,1
regulatory_considerations_ai_health_WHO_2024,12,80,INDEXED,,1099,821,1
regulatory_considerations_ai_health_WHO_2024,13,80,INDEXED,,4420,4176,4
regulatory_considerations_ai_health_WHO_2024,14,80,INDEXED,,4477,4089,5
regulatory_considerations_ai_health_WHO_2024,15,80,INDEXED,,1418,1140,1
regulatory_considerations_ai_health_WHO_2024,16,80,EMPTY_AFTER_CLEANING,empty,111,0,0
regulatory_considerations_ai_health_WHO_2024,17,80,INDEXED,,3025,2812,3
regulatory_considerations_ai_health_WHO_2024,18,80,INDEXED,,3317,3190,4
regulatory_considerations_ai_health_WHO_2024,19,80,INDEXED,,470,265,1
regulatory_considerations_ai_health_WHO_2024,20,80,INDEXED,,3035,2423,3
regulatory_considerations_ai_health_WHO_2024,21,80,INDEXED,,507,303,1
regulatory_considerations_ai_health_WHO_2024,22,80,INDEXED,,2868,2610,3
regulatory_considerations_ai_health_WHO_2024,23,80,NONINFORMATIVE_REMOVED,boilerplate_or_url_only,215,30,0
regulatory_considerations_ai_health_WHO_2024,24,80,INDEXED,,4346,4226,5
regulatory_considerations_ai_health_WHO_2024,25,80,INDEXED,,3634,2609,3
regulatory_considerations_ai_health_WHO_2024,26,80,INDEXED,,2947,2822,3
regulatory_considerations_ai_health_WHO_2024,27,80,NONINFORMATIVE_REMOVED,cover_or_heading_only,271,82,0
regulatory_considerations_ai_health_WHO_2024,28,80,INDEXED,,3350,1943,2
regulatory_considerations_ai_health_WHO_2024,29,80,INDEXED,,2997,1532,2
regulatory_considerations_ai_health_WHO_2024,30,80,INDEXED,,3309,1862,2
regulatory_considerations_ai_health_WHO_2024,31,80,INDEXED,,3725,3400,4
regulatory_considerations_ai_health_WHO_2024,32,80,INDEXED,,3467,2804,3
regulatory_considerations_ai_health_WHO_2024,33,80,INDEXED,,3858,3106,3
regulatory_considerations_ai_health_WHO_2024,34,80,INDEXED,,3902,2105,2
regulatory_considerations_ai_health_WHO_2024,35,80,NONINFORMATIVE_REMOVED,boilerplate_or_url_only,222,51,0
regulatory_considerations_ai_health_WHO_2024,36,80,INDEXED,,3148,2399,3
regulatory_considerations_ai_health_WHO_2024,37,80,INDEXED,,4461,4250,5
regulatory_considerations_ai_health_WHO_2024,38,80,INDEXED,,3552,2818,3
regulatory_considerations_ai_health_WHO_2024,39,80,INDEXED,,4502,4292,5
regulatory_considerations_ai_health_WHO_2024,40,80,INDEXED,,3951,3826,4
regulatory_considerations_ai_health_WHO_2024,41,80,INDEXED,,4589,4372,5
regulatory_considerations_ai_health_WHO_2024,42,80,NONINFORMATIVE_REMOVED,boilerplate_or_url_only,141,12,0
regulatory_considerations_ai_health_WHO_2024,43,80,INDEXED,,4149,3865,4
regulatory_considerations_ai_health_WHO_2024,44,80,INDEXED,,3393,2454,3
regulatory_considerations_ai_health_WHO_2024,45,80,INDEXED,,3411,2507,3
regulatory_considerations_ai_health_WHO_2024,46,80,INDEXED,,2307,2104,3
regulatory_considerations_ai_health_WHO_2024,47,80,INDEXED,,2426,918,1
regulatory_considerations_ai_health_WHO_2024,48,80,NONINFORMATIVE_REMOVED,boilerplate_or_url_only,149,27,0
regulatory_considerations_ai_health_WHO_2024,49,80,INDEXED,,4242,4022,4
regulatory_considerations_ai_health_WHO_2024,50,80,INDEXED,,3895,3769,4
regulatory_considerations_ai_health_WHO_2024,51,80,INDEXED,,4000,3259,4
regulatory_considerations_ai_health_WHO_2024,52,80,INDEXED,,4452,4324,5
regulatory_considerations_ai_health_WHO_2024,53,80,INDEXED,,2184,1977,2
regulatory_considerations_ai_health_WHO_2024,54,80,NONINFORMATIVE_REMOVED,boilerplate_or_url_only,148,28,0
regulatory_considerations_ai_health_WHO_2024,55,80,INDEXED,,1835,1628,2
regulatory_considerations_ai_health_WHO_2024,56,80,INDEXED,,2415,1829,2
regulatory_considerations_ai_health_WHO_2024,57,80,INDEXED,,2928,2196,2
regulatory_considerations_ai_health_WHO_2024,58,80,INDEXED,,2655,2033,2
regulatory_considerations_ai_health_WHO_2024,59,80,INDEXED,,4035,3329,4
regulatory_considerations_ai_health_WHO_2024,60,80,INDEXED,,4548,4428,5
regulatory_considerations_ai_health_WHO_2024,61,80,INDEXED,,4614,4404,5
regulatory_considerations_ai_health_WHO_2024,62,80,INDEXED,,4377,4256,5
regulatory_considerations_ai_health_WHO_2024,63,80,INDEXED,,1411,1207,1
regulatory_considerations_ai_health_WHO_2024,64,80,INDEXED,,3214,2983,3
regulatory_considerations_ai_health_WHO_2024,65,80,INDEXED,,2161,1876,2
regulatory_considerations_ai_health_WHO_2024,66,80,INDEXED,,4192,4074,5
regulatory_considerations_ai_health_WHO_2024,67,80,REFERENCES_REMOVED,reference_section_starts_removed,2898,0,0
regulatory_considerations_ai_health_WHO_2024,68,80,REFERENCES_REMOVED,reference_pages_removed,3347,0,0
regulatory_considerations_ai_health_WHO_2024,69,80,REFERENCES_REMOVED,reference_pages_removed,3278,0,0
regulatory_considerations_ai_health_WHO_2024,70,80,REFERENCES_REMOVED,reference_pages_removed,3218,0,0
regulatory_considerations_ai_health_WHO_2024,71,80,REFERENCES_REMOVED,reference_pages_removed,3248,0,0
regulatory_considerations_ai_health_WHO_2024,72,80,REFERENCES_REMOVED,reference_pages_removed,3495,0,0
regulatory_considerations_ai_health_WHO_2024,73,80,REFERENCES_REMOVED,reference_pages_removed,700,0,0
regulatory_considerations_ai_health_WHO_2024,74,80,INDEXED,,2968,2835,3
regulatory_considerations_ai_health_WHO_2024,75,80,INDEXED,,3763,3541,4
regulatory_considerations_ai_health_WHO_2024,76,80,INDEXED,,3091,2875,3
regulatory_considerations_ai_health_WHO_2024,77,80,INDEXED,,1604,1355,2
regulatory_considerations_ai_health_WHO_2024,78,80,RAW_EMPTY,raw_text_empty,0,0,0
regulatory_considerations_ai_health_WHO_2024,79,80,RAW_EMPTY,raw_text_empty,0,0,0
regulatory_considerations_ai_health_WHO_2024,80,80,NONINFORMATIVE_REMOVED,institutional_contact_only,245,130,0
resolucao_1627_CFM_2001,1,18,INDEXED,,2607,2482,3
resolucao_1627_CFM_2001,2,18,INDEXED,,2304,2196,4
resolucao_1627_CFM_2001,3,18,INDEXED,,3302,3252,4
resolucao_1627_CFM_2001,4,18,INDEXED,,3002,2986,3
resolucao_1627_CFM_2001,5,18,INDEXED,,2691,2600,3
resolucao_1627_CFM_2001,6,18,INDEXED,,2689,2454,3
resolucao_1627_CFM_2001,7,18,INDEXED,,2993,2979,3
resolucao_1627_CFM_2001,8,18,INDEXED,,3361,3289,4
resolucao_1627_CFM_2001,9,18,INDEXED,,3012,2880,3
resolucao_1627_CFM_2001,10,18,INDEXED,,2833,2789,3
resolucao_1627_CFM_2001,11,18,INDEXED,,2905,2812,3
resolucao_1627_CFM_2001,12,18,INDEXED,,2918,2902,3
resolucao_1627_CFM_2001,13,18,INDEXED,,3026,2956,4
resolucao_1627_CFM_2001,14,18,INDEXED,,2951,2909,3
resolucao_1627_CFM_2001,15,18,INDEXED,,3277,3112,3
resolucao_1627_CFM_2001,16,18,INDEXED,,2717,2648,4
resolucao_1627_CFM_2001,17,18,INDEXED,,1250,1198,1
resolucao_1627_CFM_2001,18,18,RAW_EMPTY,raw_text_empty,0,0,0
resolucao_1638_CFM_2002,1,3,INDEXED,,2143,1839,2
resolucao_1638_CFM_2002,2,3,INDEXED,,3050,2571,3
resolucao_1638_CFM_2002,3,3,INDEXED,,982,666,1
resolucao_1821_CFM_2007,1,6,INDEXED,,2538,2119,2
resolucao_1821_CFM_2007,2,6,INDEXED,,3382,3172,4
resolucao_1821_CFM_2007,3,6,INDEXED,,2959,2606,5
resolucao_1821_CFM_2007,4,6,INDEXED,,4257,3998,5
resolucao_1821_CFM_2007,5,6,INDEXED,,4132,3938,5
resolucao_1821_CFM_2007,6,6,INDEXED,,1877,1730,2
resolucao_2306_CFM_2022,1,33,INDEXED,,2605,2414,4
resolucao_2306_CFM_2022,2,33,INDEXED,,769,656,1
resolucao_2306_CFM_2022,3,33,INDEXED,,2604,2461,3
resolucao_2306_CFM_2022,4,33,INDEXED,,2665,2656,6
resolucao_2306_CFM_2022,5,33,INDEXED,,2617,2525,3
resolucao_2306_CFM_2022,6,33,INDEXED,,2601,2592,5
resolucao_2306_CFM_2022,7,33,INDEXED,,2535,2526,4
resolucao_2306_CFM_2022,8,33,INDEXED,,2505,2399,2
resolucao_2306_CFM_2022,9,33,INDEXED,,2422,2417,4
resolucao_2306_CFM_2022,10,33,INDEXED,,2496,2447,2
resolucao_2306_CFM_2022,11,33,INDEXED,,2829,2829,4
resolucao_2306_CFM_2022,12,33,INDEXED,,2463,2325,3
resolucao_2306_CFM_2022,13,33,INDEXED,,2258,2244,3
resolucao_2306_CFM_2022,14,33,INDEXED,,2610,2522,3
resolucao_2306_CFM_2022,15,33,INDEXED,,2347,2315,4
resolucao_2306_CFM_2022,16,33,INDEXED,,2172,2015,4
resolucao_2306_CFM_2022,17,33,INDEXED,,2306,2226,4
resolucao_2306_CFM_2022,18,33,INDEXED,,2471,2453,4
resolucao_2306_CFM_2022,19,33,INDEXED,,2631,2600,5
resolucao_2306_CFM_2022,20,33,INDEXED,,2267,2195,3
resolucao_2306_CFM_2022,21,33,INDEXED,,2305,2222,4
resolucao_2306_CFM_2022,22,33,INDEXED,,2458,2403,3
resolucao_2306_CFM_2022,23,33,INDEXED,,1925,1847,3
resolucao_2306_CFM_2022,24,33,INDEXED,,2430,2318,5
resolucao_2306_CFM_2022,25,33,INDEXED,,2428,2346,4
resolucao_2306_CFM_2022,26,33,INDEXED,,2394,2232,3
resolucao_2306_CFM_2022,27,33,INDEXED,,2454,2338,3
resolucao_2306_CFM_2022,28,33,INDEXED,,2071,1986,4
resolucao_2306_CFM_2022,29,33,INDEXED,,1981,1716,3
resolucao_2306_CFM_2022,30,33,INDEXED,,2518,2462,4
resolucao_2306_CFM_2022,31,33,INDEXED,,2414,2228,5
resolucao_2306_CFM_2022,32,33,INDEXED,,3187,3014,3
resolucao_2306_CFM_2022,33,33,INDEXED,,3002,2870,3
resolucao_2314_CFM_2022,1,9,INDEXED,,2248,2082,2
resolucao_2314_CFM_2022,2,9,INDEXED,,2355,2335,2
resolucao_2314_CFM_2022,3,9,INDEXED,,2716,2687,4
resolucao_2314_CFM_2022,4,9,INDEXED,,2620,2604,3
resolucao_2314_CFM_2022,5,9,INDEXED,,2837,2823,4
resolucao_2314_CFM_2022,6,9,INDEXED,,2806,2799,4
resolucao_2314_CFM_2022,7,9,INDEXED,,2568,2431,3
resolucao_2314_CFM_2022,8,9,INDEXED,,3727,3680,4
resolucao_2314_CFM_2022,9,9,INDEXED,,3501,3370,4
resolucao_2336_CFM_2023,1,17,INDEXED,,3069,2674,3
resolucao_2336_CFM_2023,2,17,INDEXED,,2763,2403,3
resolucao_2336_CFM_2023,3,17,INDEXED,,2517,2149,3
resolucao_2336_CFM_2023,4,17,INDEXED,,2878,2510,4
resolucao_2336_CFM_2023,5,17,INDEXED,,2969,2596,3
resolucao_2336_CFM_2023,6,17,INDEXED,,3010,2698,3
resolucao_2336_CFM_2023,7,17,INDEXED,,2649,2254,3
resolucao_2336_CFM_2023,8,17,INDEXED,,3033,2718,3
resolucao_2336_CFM_2023,9,17,INDEXED,,2672,2253,3
resolucao_2336_CFM_2023,10,17,INDEXED,,2642,2293,2
resolucao_2336_CFM_2023,11,17,INDEXED,,2668,2308,2
resolucao_2336_CFM_2023,12,17,INDEXED,,2855,2419,3
resolucao_2336_CFM_2023,13,17,INDEXED,,3244,2877,3
resolucao_2336_CFM_2023,14,17,INDEXED,,3571,3203,4
resolucao_2336_CFM_2023,15,17,INDEXED,,3616,3263,4
resolucao_2336_CFM_2023,16,17,INDEXED,,3752,3404,4
resolucao_2336_CFM_2023,17,17,INDEXED,,871,492,1
resolucao_2424_CFM_2025,1,3,INDEXED,,2583,2041,2
resolucao_2424_CFM_2025,2,3,INDEXED,,1637,1327,2
resolucao_2424_CFM_2025,3,3,INDEXED,,2972,2614,3
resolucao_2454_CFM_2026,1,15,INDEXED,,2940,2510,3
resolucao_2454_CFM_2026,2,15,INDEXED,,3126,2866,3
resolucao_2454_CFM_2026,3,15,INDEXED,,3020,2754,4
resolucao_2454_CFM_2026,4,15,INDEXED,,2903,2580,4
resolucao_2454_CFM_2026,5,15,INDEXED,,2800,2442,5
resolucao_2454_CFM_2026,6,15,INDEXED,,1391,1125,1
resolucao_2454_CFM_2026,7,15,INDEXED,,3531,3147,3
resolucao_2454_CFM_2026,8,15,INDEXED,,3679,3315,4
resolucao_2454_CFM_2026,9,15,INDEXED,,1745,1454,2
resolucao_2454_CFM_2026,10,15,INDEXED,,3874,3502,4
resolucao_2454_CFM_2026,11,15,INDEXED,,3559,3180,4
resolucao_2454_CFM_2026,12,15,INDEXED,,1792,1512,2
resolucao_2454_CFM_2026,13,15,INDEXED,,3711,3413,3
resolucao_2454_CFM_2026,14,15,INDEXED,,3875,3617,4
resolucao_2454_CFM_2026,15,15,INDEXED,,608,343,1
resolucao_UFMG_01_2022,1,8,INDEXED,,2068,1655,2
resolucao_UFMG_01_2022,2,8,INDEXED,,2442,2103,4
resolucao_UFMG_01_2022,3,8,INDEXED,,3075,2750,5
resolucao_UFMG_01_2022,4,8,INDEXED,,2694,2344,3
resolucao_UFMG_01_2022,5,8,INDEXED,,3025,2735,3
resolucao_UFMG_01_2022,6,8,INDEXED,,2864,2587,4
resolucao_UFMG_01_2022,7,8,INDEXED,,2229,1761,2
resolucao_UFMG_01_2022,8,8,INDEXED,,957,749,1
transparency_ml_devices_FDA_2024,1,4,INDEXED,,3138,3015,3
transparency_ml_devices_FDA_2024,2,4,INDEXED,,3194,3082,4
transparency_ml_devices_FDA_2024,3,4,INDEXED,,3358,3187,3
transparency_ml_devices_FDA_2024,4,4,INDEXED,,3620,3040,3
